LB_IMID2,LB_IMID3,LB_IMID5,LB_IMID8,LB_LCY01,LB_LCY2,TIME[H]
0.05930000000000002,0.04520000000000002,0.011866666666666692,0.03263333333333335,0.00666666666666671,0.034399999999999986,0.0
0.06970000000000001,0.051266666666666655,0.013300000000000006,0.03320000000000001,0.008133333333333354,0.05500000000000002,0.2499638888888889
0.08276666666666668,0.05613333333333337,0.016566666666666674,0.03323333333333334,0.008300000000000002,0.06286666666666665,0.4999538888888889
0.09706666666666663,0.06230000000000002,0.0208666666666667,0.03466666666666665,0.009866666666666662,0.06773333333333334,0.7499463888888889
0.11073333333333335,0.0658,0.02263333333333331,0.03670000000000004,0.008733333333333343,0.06953333333333339,0.99994
0.12599999999999997,0.06966666666666668,0.02533333333333332,0.039166666666666655,0.00956666666666664,0.07170000000000001,1.2499347222222223
0.1456666666666667,0.07819999999999999,0.02893333333333331,0.04419999999999999,0.011033333333333312,0.07650000000000001,1.4999294444444444
0.1662,0.08289999999999997,0.03336666666666668,0.04856666666666665,0.014133333333333331,0.08113333333333334,1.7499219444444445
0.18676666666666664,0.08989999999999998,0.03609999999999999,0.055566666666666625,0.015133333333333304,0.08183333333333329,1.9999130555555555
0.2197666666666666,0.09620000000000001,0.0408,0.06366666666666668,0.019633333333333336,0.087,2.2499066666666665
0.25973333333333337,0.10406666666666667,0.04569999999999999,0.07499999999999998,0.022300000000000014,0.092,2.499899444444445
0.30469999999999997,0.11419999999999997,0.05200000000000002,0.08983333333333332,0.027133333333333343,0.0973333333333333,2.749893888888889
0.3494333333333333,0.12473333333333336,0.06163333333333337,0.10813333333333339,0.03290000000000001,0.10363333333333336,2.9998858333333334
0.39626666666666666,0.13986666666666667,0.07153333333333337,0.13009999999999997,0.0378,0.11279999999999998,3.2498802777777778
0.4449333333333334,0.1529666666666667,0.08776666666666669,0.15106666666666668,0.04540000000000005,0.12123333333333336,3.499871111111111
0.49706666666666677,0.16850000000000004,0.10559999999999994,0.1755666666666667,0.05776666666666669,0.13240000000000002,3.7498694444444447
0.5454,0.18409999999999996,0.12386666666666671,0.1991666666666667,0.07076666666666667,0.1451666666666667,3.999859166666667
0.5910333333333335,0.1983666666666667,0.14040000000000002,0.2207,0.08590000000000003,0.1554666666666667,4.249853333333333
0.6395,0.2133,0.15726666666666672,0.24310000000000004,0.10733333333333339,0.16810000000000003,4.499845555555555
0.6877,0.22903333333333337,0.17376666666666662,0.2655,0.13316666666666666,0.17933333333333334,4.7498377777777785
0.7346666666666667,0.2452333333333334,0.1889666666666667,0.2866333333333333,0.16546666666666662,0.1927,4.999831944444445
0.7794666666666669,0.262,0.20779999999999993,0.3096,0.20523333333333332,0.20939999999999992,5.249824722222222
0.8264999999999999,0.27693333333333336,0.2228333333333333,0.32953333333333323,0.24806666666666663,0.22303333333333328,5.4998161111111115
0.8677333333333334,0.29133333333333333,0.23793333333333333,0.3504666666666666,0.2905333333333333,0.2399333333333334,5.749813333333334
0.9124000000000001,0.30709999999999993,0.2565333333333333,0.37113333333333337,0.3328999999999999,0.2604333333333333,5.999804166666666
0.9567333333333333,0.32276666666666665,0.27333333333333326,0.39246666666666663,0.3809666666666667,0.2815333333333333,6.249797500000001
1.0009333333333335,0.3425000000000001,0.2916666666666667,0.41563333333333335,0.42763333333333337,0.3073666666666667,6.499790833333333
1.0400666666666667,0.35496666666666676,0.3069333333333334,0.43646666666666667,0.4741000000000001,0.3291666666666666,6.749783055555556
1.0799,0.3714666666666666,0.3245,0.45833333333333326,0.5274333333333332,0.3563666666666666,6.999776944444444
1.1161,0.38576666666666676,0.3425,0.4785,0.5606666666666666,0.3826333333333332,7.249769444444444
1.1522333333333332,0.40226666666666666,0.36029999999999995,0.5001333333333333,0.6055333333333334,0.41069999999999995,7.499766111111111
1.1918666666666669,0.4167333333333333,0.3756666666666666,0.5218333333333333,0.6523666666666665,0.4392999999999999,7.749759166666667
1.2215,0.4312,0.3913333333333333,0.5400333333333333,0.7003333333333334,0.4657999999999999,7.999749722222222
1.2576999999999998,0.4487,0.4099666666666666,0.5605666666666668,0.7525666666666667,0.49339999999999995,8.249744999999999
1.2881333333333334,0.4661333333333334,0.4237666666666666,0.5796,0.8067000000000001,0.5199666666666667,8.499736666666667
1.3149666666666668,0.48429999999999984,0.4392999999999999,0.5981000000000001,0.856,0.5454000000000001,8.749729722222222
1.3409666666666669,0.4962,0.45473333333333343,0.6142333333333334,0.9186333333333334,0.5692333333333334,8.9997225
1.3664999999999998,0.5138,0.4688333333333333,0.6295999999999999,0.9686333333333333,0.5943666666666666,9.249715833333333
1.3888333333333331,0.5257333333333334,0.4825666666666668,0.6443666666666666,1.0203333333333333,0.6176000000000001,9.499711111111111
1.4056666666666664,0.5370666666666667,0.49473333333333336,0.6541000000000001,1.0574666666666666,0.6354666666666667,9.749705
1.4280333333333333,0.556,0.5133666666666667,0.6698333333333335,1.0983333333333332,0.6585000000000001,9.999698055555555
1.4407666666666665,0.5674666666666668,0.5267666666666666,0.6793666666666667,1.1303333333333332,0.6723333333333332,10.249690277777779
1.4559000000000002,0.5846666666666667,0.5458333333333334,0.6893666666666668,1.1636000000000002,0.6894,10.499682222222223
1.4719666666666666,0.6026,0.5559,0.7002333333333334,1.1999,0.7076666666666667,10.749674444444445
1.4844,0.6137333333333334,0.5682333333333334,0.7096,1.2297333333333333,0.7203999999999999,10.9996675
1.4947333333333332,0.6294666666666666,0.5877333333333334,0.7148000000000001,1.2572333333333334,0.7315666666666667,11.249660277777778
1.5055333333333334,0.6467333333333333,0.6000333333333333,0.7234666666666666,1.2809333333333335,0.7451666666666666,11.499656666666667
1.5147,0.6589666666666666,0.6140000000000001,0.7288666666666668,1.2972666666666666,0.7574,11.74964777777778
1.522866666666667,0.6689333333333334,0.6289333333333333,0.7359666666666667,1.3172666666666666,0.7666333333333333,11.999643333333333
1.5318999999999998,0.6812666666666668,0.6376000000000001,0.7404,1.3339333333333334,0.7798666666666667,12.249634722222222
1.539133333333333,0.7049333333333334,0.6520333333333332,0.7472666666666667,1.3523666666666667,0.7890666666666666,12.499628611111111
1.5457333333333334,0.7118666666666666,0.6613666666666667,0.7517333333333334,1.3720333333333334,0.7979,12.749620555555556
1.5520333333333332,0.7236333333333331,0.6709666666666667,0.7569666666666666,1.3785000000000003,0.8111333333333335,12.999613055555557
1.5563333333333333,0.7433666666666667,0.6848000000000001,0.7610666666666667,1.3937333333333335,0.8145,13.249607222222224
1.563366666666667,0.7512666666666667,0.7041,0.7667666666666666,1.4057666666666666,0.8220000000000002,13.49959777777778
1.5656666666666668,0.7626,0.7174666666666666,0.7709666666666667,1.4146666666666665,0.8281666666666668,13.749595833333332
1.5713666666666668,0.7849666666666666,0.7301666666666667,0.7746666666666667,1.4244,0.8375666666666666,13.999588888888889
1.575,0.8041666666666667,0.7469666666666668,0.7791333333333335,1.4303666666666666,0.8444666666666669,14.249579444444443
1.5771333333333333,0.8280999999999998,0.7689000000000001,0.7822666666666667,1.4376999999999998,0.8481666666666663,14.499572222222222
1.5796666666666668,0.8343333333333334,0.7836000000000001,0.7842,1.4442,0.8552,14.749565555555556
1.5839,0.8641999999999999,0.7946333333333333,0.7885333333333333,1.4509,0.8602666666666665,14.999558888888888
1.5855666666666666,0.8820000000000001,0.8100666666666667,0.7924000000000002,1.4545666666666666,0.8654999999999999,15.2495525
1.5894666666666666,0.8985,0.8242000000000002,0.7944333333333334,1.4576,0.872,15.499547222222223
1.5917333333333334,0.9065666666666664,0.8379666666666666,0.7999666666666666,1.4640333333333335,0.8825,15.74954111111111
1.5921333333333334,0.9192,0.8955666666666668,0.8016666666666667,1.4639333333333333,0.8873,15.999531944444445
1.5932,0.9306333333333333,0.8606999999999999,0.8056666666666668,1.4646000000000003,0.8938666666666667,16.249525277777778
1.5952666666666668,0.934133333333333,0.8838000000000001,0.8082,1.4655333333333334,0.8995,16.499516944444444
1.5974333333333333,0.9578999999999999,0.9084,0.8124333333333332,1.4675666666666665,0.9084,16.749513888888888
1.5981333333333334,0.9636333333333333,0.9237333333333333,0.8166666666666664,1.4694,0.9156,16.9995075
1.6005333333333336,0.9808333333333332,0.9474,0.8208666666666669,1.4687333333333334,0.9211666666666669,17.24949777777778
1.5996333333333332,0.9921333333333332,0.9602,0.8229999999999998,1.4669666666666665,0.9253666666666668,17.499489444444443
1.6024333333333334,1.0077666666666667,0.9665666666666668,0.8274,1.4695000000000003,0.9340000000000002,17.74948277777778
1.6034333333333335,1.0194,0.9741333333333333,0.8314333333333335,1.4682,0.9422999999999999,17.999475555555556
1.6021,1.0318,0.9818666666666666,0.8342999999999999,1.4652333333333334,0.9522666666666669,18.249470833333334
1.6052000000000002,1.0438333333333332,0.9974666666666668,0.8406666666666666,1.4691666666666667,0.9605,18.499463333333335
1.6032333333333333,1.0512333333333332,1.0026333333333333,0.8414333333333334,1.4657333333333336,0.9658666666666668,18.749458611111113
1.6022666666666667,1.0638333333333332,1.0129,0.8460666666666667,1.4672999999999998,0.9742666666666668,18.999450277777775
1.6049666666666667,1.0814666666666668,1.0244000000000002,0.8522000000000001,1.4692666666666667,0.9859333333333331,19.249443333333332
1.6027666666666667,1.089133333333333,1.0241333333333331,0.8552666666666668,1.4684666666666668,0.9921000000000001,19.499435555555554
1.6034666666666666,1.099,1.0364,0.8606999999999998,1.4729999999999999,0.9987666666666667,19.74942861111111
1.6041666666666665,1.1066666666666665,1.0445,0.8648333333333335,1.4704666666666664,1.0028,19.999424166666664
1.603533333333333,1.1133666666666666,1.0522666666666665,0.8704666666666667,1.4744,1.0114333333333332,20.249417777777776
1.6034666666666668,1.1229999999999998,1.0605333333333338,0.8759333333333331,1.4750333333333332,1.0170666666666666,20.499409444444442
1.602666666666667,1.1340333333333332,1.063733333333333,0.8804333333333333,1.4769666666666665,1.024166666666667,20.749400833333333
1.6034666666666666,1.1443666666666668,1.0789000000000002,0.8880333333333332,1.482333333333333,1.0296666666666667,20.999395
1.6034999999999995,1.1518000000000002,1.0861666666666667,0.892733333333333,1.4825666666666666,1.0318999999999998,21.249388055555556
1.6011000000000002,1.1488000000000003,1.0946666666666667,0.8985000000000003,1.4849000000000003,1.0337,21.49938083333333
1.6025333333333336,1.1595666666666669,1.1034666666666668,0.9065,1.4887333333333335,1.0409666666666668,21.74937388888889
1.6010666666666666,1.1647000000000003,1.1109666666666667,0.9121666666666667,1.4894000000000003,1.0410333333333335,21.999368333333333
1.6014666666666666,1.1686333333333332,1.118866666666667,0.9195333333333334,1.4926333333333335,1.044633333333333,22.24936111111111
1.6013000000000002,1.175366666666667,1.1255666666666668,0.9269333333333334,1.4968,1.0475666666666668,22.499353888888887
1.5991333333333333,1.1766666666666667,1.1309333333333333,0.9325000000000001,1.4981666666666669,1.0488666666666666,22.7493475
1.5994666666666664,1.1816,1.1384333333333334,0.9416333333333332,1.5049000000000001,1.0519333333333334,22.999340277777776
1.5981,1.1839,1.1417666666666666,0.9474333333333333,1.5068666666666668,1.0539666666666665,23.249336111111113
1.5971333333333335,1.189066666666667,1.1486666666666665,0.9549000000000003,1.5113333333333332,1.0541666666666665,23.49932944444444
1.5967000000000002,1.1905999999999999,1.1534666666666666,0.9621666666666666,1.513666666666667,1.0566666666666666,23.749322222222222
1.5959666666666665,1.1984666666666666,1.1590000000000003,0.9701666666666666,1.5163,1.0593333333333332,23.99931472222222
1.5967333333333338,1.1984666666666666,1.1652333333333336,0.9777333333333332,1.5217,1.0619666666666667,24.24930611111111
1.5964333333333331,1.2016999999999998,1.1707,0.9845,1.5239666666666665,1.0613666666666668,24.499299999999998
1.5942,1.2119333333333335,1.1771666666666667,0.9914999999999997,1.5277333333333334,1.0655,24.749292222222223
1.5947333333333333,1.2178666666666667,1.1817666666666666,1.0010666666666665,1.5306666666666668,1.0653666666666668,24.999289166666667
1.5909666666666666,1.2178333333333333,1.1820333333333333,1.0052,1.5284333333333333,1.0632333333333333,25.249283055555555
1.5938999999999999,1.2263666666666666,1.1893333333333331,1.0154666666666667,1.536533333333333,1.0690999999999997,25.499274444444445
1.5953999999999997,1.2264666666666666,1.195066666666667,1.0233666666666665,1.5395333333333334,1.0712333333333333,25.749269444444444
1.5924666666666667,1.2285,1.1968999999999999,1.0270333333333332,1.539933333333333,1.0713999999999997,25.99926277777778
1.5920666666666665,1.2341000000000002,1.2021000000000002,1.0348666666666668,1.5439333333333334,1.0759,26.249255555555557
1.5925333333333334,1.2360666666666664,1.2087333333333334,1.0415666666666663,1.5466000000000002,1.0771333333333333,26.49924888888889
1.5924,1.2385666666666666,1.2464,1.0479666666666663,1.5516666666666663,1.080733333333333,26.749241944444442
1.5938666666666668,1.2398333333333336,1.2514,1.054166666666667,1.5562666666666667,1.0842,26.999231944444446
1.5920666666666667,1.2424666666666666,1.2531333333333332,1.060733333333333,1.5567666666666664,1.0852666666666666,27.249225555555554
1.5907,1.2450333333333334,1.2564999999999997,1.0658333333333334,1.5570333333333335,1.089,27.49921861111111
1.5912333333333337,1.2465333333333333,1.2618333333333336,1.0730333333333335,1.5602333333333336,1.0910666666666669,27.749211944444443
1.5884333333333336,1.2501666666666669,1.2639333333333331,1.0774333333333335,1.5607666666666669,1.0926999999999998,27.999204722222224
1.5910333333333333,1.2523333333333335,1.2694333333333334,1.0846999999999998,1.5641333333333332,1.0983999999999998,28.24920111111111
1.5898333333333332,1.2569666666666668,1.2697333333333332,1.0898333333333332,1.5687666666666666,1.1037666666666668,28.499192222222224
1.5895666666666668,1.258633333333333,1.2721,1.0949,1.5694,1.107966666666667,28.74918472222222
1.5895666666666664,1.260533333333333,1.2746999999999997,1.099133333333333,1.5766999999999998,1.1122,28.99918027777778
1.5878666666666668,1.261566666666667,1.2751666666666666,1.1034666666666666,1.5733666666666666,1.1175000000000002,29.249170555555555
1.5876000000000001,1.2644000000000002,1.2781000000000002,1.1067,1.5768666666666666,1.1217,29.499163333333332
1.5881,1.2691333333333334,1.28,1.1146,1.5795333333333337,1.1280333333333334,29.749157500000003
1.5882,1.2705333333333333,1.2822,1.1179999999999999,1.585666666666667,1.1324333333333332,29.999152777777777
1.5874999999999997,1.2710666666666666,1.2845666666666669,1.1226666666666667,1.5863,1.1366333333333332,30.249143611111112
1.5860333333333336,1.2737666666666665,1.2858333333333332,1.1264333333333334,1.5888,1.1397333333333333,30.499136944444444
1.5863333333333332,1.275866666666667,1.2878000000000003,1.1308333333333334,1.5917333333333334,1.146433333333333,30.749132222222222
1.5865666666666662,1.279,1.2896999999999998,1.1365666666666665,1.5903666666666667,1.1525333333333334,30.9991225
1.5850333333333335,1.2795333333333336,1.2906333333333335,1.1350999999999996,1.5954000000000002,1.1554333333333333,31.24911861111111
1.5865333333333334,1.286566666666667,1.2945000000000002,1.1425666666666665,1.6018666666666668,1.1616,31.499111944444444
1.5849000000000002,1.2845666666666669,1.2948000000000002,1.1459666666666666,1.5990333333333333,1.1652,31.74910277777778
1.5848,1.2853666666666665,1.2964000000000002,1.1487,1.5981333333333332,1.1703,31.99909611111111
1.5845333333333331,1.2867666666666668,1.2978333333333336,1.1530666666666667,1.6039,1.1759,32.249092222222224
1.5838333333333334,1.2900666666666667,1.2995333333333334,1.1548333333333334,1.6041666666666665,1.1793333333333336,32.49908222222222
1.5847333333333333,1.2923333333333331,1.302,1.1589,1.6094666666666666,1.1854,32.74907611111111
1.5842,1.2964333333333333,1.304,1.1622333333333335,1.6118666666666668,1.189733333333333,32.999071111111114
1.5835333333333335,1.2955666666666668,1.3047333333333333,1.1649,1.6064666666666667,1.1931666666666667,33.24906111111111
1.5831666666666668,1.2982333333333331,1.3053333333333332,1.1672666666666667,1.6076666666666666,1.1943333333333332,33.49905416666667
1.5844666666666665,1.3026,1.3092333333333332,1.1720666666666666,1.6088333333333333,1.2020333333333333,33.749048333333334
1.5851999999999997,1.3039999999999998,1.3115333333333332,1.1752,1.6105666666666665,1.2053666666666665,33.99904166666667
1.5841,1.3053,1.3129333333333333,1.1777333333333333,1.6046333333333334,1.2081000000000002,34.24903694444444
1.5837999999999997,1.3099333333333332,1.3129333333333333,1.1799666666666666,1.6109666666666667,1.2129666666666665,34.499027777777776
1.5839666666666665,1.3113666666666663,1.3139666666666667,1.1809666666666667,1.6126999999999998,1.2147333333333334,34.74902055555555
1.583133333333333,1.3118333333333332,1.3143333333333331,1.1848333333333332,1.6159,1.2189333333333332,34.999015
1.5835,1.315,1.3166333333333333,1.1873666666666662,1.6183333333333332,1.2229999999999999,35.24901083333333
1.5817,1.3168666666666666,1.3165666666666667,1.1879333333333333,1.6160333333333334,1.2255666666666667,35.498999999999995
1.5822666666666665,1.3205666666666667,1.3192,1.1923,1.6181333333333332,1.2291000000000003,35.74899388888889
1.5829333333333333,1.3197666666666665,1.3200333333333334,1.1929999999999998,1.6149,1.2310333333333334,35.99898805555556
1.5824,1.3238333333333334,1.3210333333333335,1.1968,1.6252666666666669,1.2340000000000002,36.248979444444444
1.5824666666666667,1.3273000000000001,1.3233333333333335,1.1988333333333336,1.6243333333333334,1.2373,36.498975
1.5829666666666666,1.3298666666666668,1.3234666666666666,1.2010333333333332,1.6239333333333335,1.2411666666666665,36.74896638888889
1.5823999999999998,1.3312,1.3249666666666668,1.2023666666666668,1.6203333333333332,1.243366666666667,36.998959166666666
1.5847666666666667,1.3339333333333332,1.3275000000000001,1.2066,1.6296333333333335,1.2465666666666666,37.24895611111111
1.5822666666666667,1.340933333333333,1.3275666666666666,1.2075333333333333,1.6293,1.2495666666666665,37.49894694444445
1.5823666666666667,1.3444333333333334,1.3278666666666665,1.2097333333333333,1.6252,1.2515333333333332,37.748938055555556
1.5830333333333335,1.3469,1.3305666666666667,1.2125333333333332,1.6318666666666666,1.2546666666666666,37.998936388888886
1.5831666666666668,1.3474666666666664,1.3311666666666666,1.2151333333333334,1.6312666666666669,1.2597999999999998,38.24892583333333
1.582,1.3497000000000001,1.3325,1.2179666666666669,1.6359666666666663,1.2584000000000002,38.498918055555556
1.5820333333333336,1.3528666666666667,1.3327666666666669,1.2188,1.6354666666666666,1.2641666666666667,38.74891194444445
1.5822333333333332,1.3554333333333333,1.3356666666666668,1.2199,1.6321666666666668,1.2645999999999997,38.99890666666667
1.584,1.3576,1.3365666666666667,1.2217,1.6379,1.2699666666666667,39.2489025
1.5817333333333332,1.3589333333333333,1.3365666666666667,1.2231999999999998,1.6420666666666666,1.2712333333333334,39.498891944444445
1.5826000000000002,1.3646333333333334,1.3390999999999997,1.2278333333333333,1.6394333333333333,1.2737666666666665,39.74888583333333
1.581233333333333,1.3638666666666666,1.3381333333333334,1.2265333333333335,1.6340333333333337,1.2765,39.99887916666667
1.5813333333333337,1.3677666666666668,1.3401666666666667,1.2290999999999999,1.6390333333333333,1.2794333333333334,40.248870277777776
1.5821333333333332,1.3709,1.3417,1.2310333333333334,1.6425666666666665,1.2813666666666665,40.49886444444445
1.5807000000000002,1.3740333333333332,1.3408333333333333,1.2314333333333334,1.6471333333333336,1.2822666666666667,40.74885722222222
1.5810666666666664,1.3771666666666667,1.3424,1.2343666666666666,1.6470333333333333,1.2857666666666667,40.99885111111111
1.5815333333333332,1.378866666666667,1.3435666666666666,1.2345000000000004,1.6434333333333335,1.2887,41.24884361111111
1.5814333333333332,1.3806333333333334,1.345133333333333,1.2368,1.6316333333333335,1.2903,41.4988375
1.5821333333333334,1.3842,1.3462000000000003,1.2393666666666667,1.647,1.2937,41.74883194444445
1.5810000000000004,1.3868,1.3460333333333332,1.2376333333333331,1.6381333333333332,1.2947666666666664,41.998822777777775
1.5816000000000001,1.3889333333333334,1.348,1.2423333333333333,1.6522333333333332,1.2982333333333334,42.24881833333334
1.5833666666666666,1.3926333333333334,1.3505666666666665,1.2426,1.6515333333333335,1.3018,42.49880972222222
1.5816666666666666,1.3947333333333336,1.3499333333333334,1.2440333333333333,1.6566000000000003,1.3041666666666665,42.748805000000004
1.5825,1.3999666666666668,1.3531666666666666,1.2447333333333335,1.6569000000000003,1.3069000000000002,42.99879527777778
1.5815000000000001,1.4051,1.3537,1.2458333333333331,1.6564666666666663,1.3090666666666664,43.24878833333334
1.5819333333333334,1.4079,1.3553666666666666,1.2482333333333333,1.6582,1.3119999999999998,43.498780000000004
1.5819666666666667,1.4099666666666668,1.3567333333333333,1.2481666666666666,1.6601333333333335,1.3122666666666665,43.74877444444444
1.5815,1.4153666666666667,1.3573666666666668,1.2505666666666666,1.6600666666666668,1.3137666666666667,43.99876999999999
1.5811666666666666,1.4163666666666666,1.3580999999999999,1.2496333333333334,1.6799333333333335,1.3154333333333335,44.24876083333333
1.581,1.4203666666666668,1.3595000000000002,1.2524666666666668,1.6659333333333333,1.318,44.498755277777775
1.5815000000000001,1.4242333333333335,1.3608666666666667,1.2527666666666668,1.6676666666666664,1.3197666666666665,44.74874666666667
1.5825666666666662,1.4269666666666667,1.3627666666666665,1.2549666666666668,1.665633333333333,1.3228666666666669,44.99874027777778
1.5806666666666669,1.4315666666666669,1.3619666666666668,1.2536333333333334,1.6618000000000002,1.3244666666666667,45.248736944444445
1.5824,1.4359333333333333,1.3645333333333332,1.2557,1.6654,1.3267,45.49872666666666
1.5815666666666666,1.4401666666666666,1.366433333333333,1.2556,1.6708,1.3282666666666667,45.74872305555555
1.5821333333333334,1.4433999999999998,1.368,1.2566,1.6664333333333332,1.3294333333333335,45.99871416666667
1.5825666666666667,1.4485666666666666,1.3690999999999998,1.2578333333333334,1.6667333333333334,1.3342333333333332,46.24870555555555
1.5827666666666667,1.4514333333333334,1.3721333333333332,1.2595666666666667,1.6569333333333331,1.334466666666667,46.49870194444444
1.5818333333333332,1.4533333333333334,1.3724999999999996,1.2596666666666667,1.6755,1.3363333333333334,46.74869416666667
1.5821999999999998,1.4571333333333334,1.3748333333333334,1.2609000000000001,1.6562,1.3374666666666666,46.998686666666664
1.5831333333333335,1.4626,1.3779333333333332,1.2635333333333332,1.6756,1.3417666666666666,47.24868222222222
1.5833666666666668,1.4654666666666667,1.3794666666666666,1.2635666666666667,1.6583666666666668,1.3415666666666666,47.49867388888889
1.5831,1.4691333333333334,1.38,1.2645666666666668,1.6775333333333335,1.3432666666666666,47.74866611111111
1.5826666666666664,1.4719666666666666,1.3812333333333335,1.2645666666666666,1.6631333333333334,1.3450333333333335,47.99865777777778
1.583566666666667,1.4756,1.3834,1.2658,1.6717666666666666,1.3461000000000003,48.248650833333336
1.5820666666666665,1.4775333333333334,1.3834666666666668,1.2655666666666667,1.6649000000000003,1.3495333333333333,48.498645833333335
1.5815333333333332,1.4806999999999997,1.3842,1.2665333333333333,1.659833333333333,1.3485333333333334,48.74863888888889
1.582366666666667,1.4867333333333335,1.3859333333333335,1.2691000000000001,1.6574,1.3506333333333336,48.99863166666667
1.5825666666666667,1.4893333333333334,1.3879333333333332,1.2684666666666666,1.6554,1.3524333333333332,49.248627500000005
1.5831666666666664,1.4917000000000002,1.3900666666666668,1.2692666666666665,1.6618333333333335,1.3542666666666667,49.498622499999996
1.5820000000000003,1.4941666666666666,1.3895,1.2703000000000002,1.6612666666666671,1.3561999999999999,49.74861055555555
1.5820000000000003,1.4972666666666665,1.3921333333333337,1.2707666666666668,1.6570999999999998,1.355033333333333,49.998605
1.5822333333333334,1.5011,1.3943666666666668,1.2723666666666666,1.6632666666666667,1.3594333333333333,50.24859722222222
1.5830333333333333,1.507266666666667,1.3963333333333334,1.2736666666666667,1.6590666666666665,1.3610666666666669,50.49859111111112
1.5830666666666666,1.5096,1.3975666666666666,1.2727666666666668,1.6612,1.362666666666667,50.74858416666667
1.5811666666666666,1.5107666666666668,1.3974333333333335,1.2741666666666667,1.6542,1.3637333333333332,50.998576944444444
1.5815666666666663,1.5146333333333333,1.3987333333333334,1.2749333333333333,1.6566999999999998,1.3658000000000001,51.24857305555556
1.5823,1.5178666666666667,1.401933333333333,1.2753666666666668,1.6492000000000002,1.3696000000000002,51.49856305555555
1.5816666666666666,1.5194999999999999,1.4034666666666666,1.2744333333333335,1.6492666666666667,1.3679333333333332,51.748558055555556
1.5831,1.5241333333333331,1.4064000000000003,1.2772666666666668,1.6561333333333335,1.3722,51.998550277777774
1.5802333333333334,1.5246666666666664,1.4064333333333334,1.2757333333333334,1.6479333333333333,1.3707666666666667,52.24854611111111
1.5818666666666665,1.5302333333333333,1.4092,1.2754,1.6453000000000002,1.3746666666666667,52.49853638888889
1.5819666666666667,1.5318,1.4108999999999998,1.2784,1.6528666666666667,1.3771666666666667,52.74852888888889
1.5808,1.5338666666666667,1.4114333333333333,1.2772666666666666,1.6456666666666666,1.3774333333333333,52.99852611111111
1.5804333333333331,1.5356666666666667,1.4141333333333332,1.2792999999999999,1.6545666666666667,1.38,53.24851527777778
1.5796333333333334,1.5398666666666665,1.4163999999999999,1.2782,1.6444333333333332,1.3812333333333333,53.498511944444445
1.5798666666666665,1.5426333333333333,1.4170333333333334,1.2795333333333336,1.647833333333333,1.3830333333333333,53.7485025
1.5815333333333335,1.5444666666666667,1.4214000000000002,1.2802666666666667,1.6525333333333334,1.3874333333333333,53.998495277777785
1.5794666666666664,1.5488666666666666,1.4211999999999998,1.281766666666667,1.648933333333333,1.3881333333333332,54.248488611111114
1.5806999999999998,1.5514,1.423433333333333,1.2813666666666663,1.6429000000000002,1.3907666666666665,54.49848083333333
1.5812666666666666,1.5549333333333335,1.4270333333333336,1.2846333333333333,1.6403333333333334,1.3943666666666665,54.74847583333334
1.5805666666666665,1.5599666666666667,1.4279666666666668,1.2841,1.6417666666666668,1.397,54.998467777777776
1.5819333333333336,1.5589333333333333,1.4315666666666664,1.2834333333333332,1.646966666666667,1.3973333333333335,55.248464999999996
1.5794999999999997,1.5641333333333336,1.4302333333333332,1.2853666666666668,1.6424333333333334,1.4006333333333334,55.49845333333333
1.5814666666666668,1.5647666666666666,1.4349,1.2844333333333333,1.6319666666666666,1.4033666666666669,55.74844944444445
1.5807666666666667,1.5656000000000005,1.4353666666666665,1.2853333333333334,1.6252333333333335,1.405866666666667,55.99843944444445
1.5805333333333336,1.5672333333333335,1.4388333333333334,1.2823333333333333,1.612666666666667,1.4062666666666668,56.248435
1.5809,1.5712000000000002,1.4407333333333334,1.2865666666666666,1.621933333333333,1.4101333333333337,56.49842666666667
1.5799666666666665,1.572733333333333,1.4401666666666666,1.2867000000000002,1.6167333333333336,1.4121666666666666,56.74841861111111
1.5791,1.5740666666666667,1.4426999999999999,1.2850333333333332,1.6328,1.4136666666666666,56.99841166666667
1.5809666666666664,1.5773,1.4463333333333332,1.2874333333333334,1.6274666666666664,1.4178,57.248405
1.5782666666666665,1.5781,1.4480333333333335,1.286,1.6084333333333332,1.4186999999999999,57.49839861111111
1.5797666666666665,1.5808333333333335,1.4514666666666667,1.286666666666667,1.6437666666666666,1.4222333333333332,57.74839138888889
1.5797333333333337,1.5821,1.4539333333333333,1.2880666666666665,1.6036666666666666,1.4252333333333334,57.99838666666667
1.5807666666666667,1.5842333333333334,1.4570333333333334,1.2893999999999999,1.5977,1.4286666666666668,58.248378055555555
1.5812,1.5859666666666667,1.4598333333333333,1.2893,1.6009666666666664,1.4306333333333334,58.498373611111106
1.5794333333333335,1.5871,1.4608333333333334,1.2889333333333335,1.5968,1.4317000000000002,58.74836361111111
1.5804999999999998,1.5909333333333335,1.465266666666667,1.2902666666666667,1.5777,1.4365999999999999,58.99836055555556
1.5800666666666665,1.5916333333333332,1.4664666666666668,1.2904666666666667,1.5717333333333332,1.4394333333333333,59.24835
1.5801999999999998,1.5957666666666666,1.4673999999999998,1.2914333333333334,1.5675999999999999,1.4413333333333334,59.49834138888889
1.5810666666666668,1.5956,1.4721999999999997,1.2910333333333333,1.5745999999999998,1.4434999999999998,59.74833722222222
1.5799666666666667,1.5968666666666664,1.4731333333333332,1.2916333333333334,1.570833333333333,1.4454333333333333,59.998329444444444
1.5816999999999999,1.5997000000000001,1.4783,1.2925000000000002,1.5876,1.4504000000000001,60.248325277777774
1.5807666666666669,1.6005,1.4800333333333333,1.2934999999999999,1.5835333333333335,1.4530333333333336,60.49831555555555
1.5808,1.6045333333333334,1.4842,1.2932333333333332,1.576566666666667,1.4554,60.748310833333335
1.5797666666666665,1.601633333333333,1.4859,1.2916666666666665,1.5879000000000003,1.4562,60.9983025
1.5782999999999998,1.6023666666666667,1.4896333333333336,1.2914333333333334,1.5712333333333335,1.4579666666666666,61.24829444444444
1.5782666666666665,1.6031666666666666,1.4919666666666669,1.2916000000000003,1.5902333333333334,1.4609,61.49828833333333
1.5797333333333334,1.6081333333333334,1.4969999999999999,1.2922666666666665,1.5957,1.464,61.748281388888884
1.5791666666666664,1.6051,1.4972999999999999,1.2924666666666667,1.6001333333333334,1.4648333333333332,61.99827527777778
1.5799333333333332,1.6074333333333333,1.5018666666666667,1.2942333333333333,1.612666666666667,1.4693333333333334,62.248266944444445
1.5798333333333334,1.6098000000000001,1.5049,1.2941666666666665,1.5997,1.4712333333333334,62.49826138888889
1.579666666666667,1.6127666666666667,1.5077333333333334,1.2947333333333333,1.5987999999999998,1.4723666666666668,62.74825472222222
1.5805,1.6126666666666667,1.5111666666666665,1.2950666666666666,1.588733333333333,1.4751,62.99824805555556
1.5829666666666669,1.6159333333333332,1.5164000000000002,1.2974999999999999,1.5765000000000002,1.4795333333333331,63.24824111111111
1.580833333333333,1.6136666666666666,1.5201333333333333,1.2963333333333331,1.558533333333333,1.4816666666666667,63.49823388888888
1.5806999999999995,1.6153,1.5235,1.2961999999999998,1.5738666666666665,1.4814666666666665,63.74822722222222
1.5812000000000002,1.6196000000000002,1.5278666666666667,1.2955666666666668,1.5810333333333333,1.4854666666666667,63.998221388888894
1.5821333333333334,1.6177999999999997,1.5290000000000001,1.2973,1.5897999999999999,1.4872999999999996,64.24821333333334
1.5803,1.6192666666666666,1.529433333333333,1.2974666666666665,1.5843666666666667,1.4887666666666663,64.49820666666666
1.581266666666667,1.6186,1.5333666666666668,1.2968666666666666,1.5795,1.489866666666667,64.74820222222222
1.5806,1.618266666666667,1.5349666666666666,1.2964333333333329,1.5568,1.4913000000000003,64.99819277777777
1.5798333333333334,1.6214000000000002,1.5379,1.2962333333333333,1.5609333333333333,1.4938999999999998,65.24818527777778
1.5833666666666664,1.6250666666666667,1.5454,1.2978666666666667,1.5793333333333335,1.4978000000000005,65.49818027777778
1.5797,1.6225333333333334,1.5430000000000001,1.2969666666666666,1.5761000000000003,1.4988,65.74817361111111
1.5796666666666666,1.6221333333333332,1.5449333333333333,1.2968333333333335,1.5694666666666668,1.4987,65.99816666666666
1.5814666666666668,1.6230666666666669,1.5475666666666668,1.2972999999999997,1.551666666666667,1.5022666666666666,66.24816111111112
1.5805,1.6245666666666665,1.5496,1.2974666666666665,1.5552333333333335,1.5033333333333332,66.49815305555555
1.5824666666666665,1.6264,1.5562333333333331,1.2988,1.5412333333333332,1.5067,66.74815
1.5817666666666665,1.6276333333333333,1.5529999999999997,1.2991666666666666,1.5517999999999998,1.5071999999999999,66.99813888888889
1.5823,1.6269999999999998,1.557833333333333,1.2990666666666666,1.5501666666666667,1.509,67.2481325
1.584266666666667,1.6291666666666669,1.5614000000000003,1.3007,1.5364333333333335,1.5116666666666667,67.49812555555556
1.5851666666666666,1.6331666666666667,1.5610666666666666,1.3025666666666667,1.5563666666666667,1.5150999999999997,67.74812222222222
1.5836999999999999,1.6304,1.561233333333333,1.3003,1.5499,1.5156666666666665,67.99811249999999
1.5853666666666666,1.6330333333333336,1.5656333333333332,1.302,1.5545333333333335,1.5181000000000002,68.2481086111111
1.5836333333333334,1.6317666666666666,1.5687,1.2997666666666667,1.5571000000000002,1.5174333333333332,68.49810000000001
1.5865333333333334,1.6341999999999999,1.5667666666666669,1.3022000000000002,1.5492666666666668,1.5228333333333335,68.7480925
1.5853333333333333,1.6341333333333332,1.571333333333333,1.3012666666666666,1.5552333333333335,1.5223333333333327,68.9980875
1.5843666666666665,1.6334000000000002,1.5744333333333338,1.3012333333333332,1.551766666666667,1.5235666666666667,69.24808
1.5842666666666667,1.6332333333333333,1.5718999999999996,1.2992666666666666,1.5485,1.5219666666666665,69.49807194444445
1.586066666666667,1.6350333333333336,1.5734666666666666,1.3005,1.5672000000000001,1.5269666666666664,69.74806611111111
1.5881,1.638733333333333,1.5729,1.3013666666666666,1.575,1.5283666666666667,69.99806277777778
1.5865999999999998,1.6372,1.5747666666666664,1.3022333333333334,1.5783333333333331,1.5291333333333332,70.24805277777777
1.587,1.6388666666666667,1.5742666666666667,1.3013666666666666,1.5705666666666667,1.5307999999999997,70.4980475
1.588,1.6364666666666665,1.5804,1.3023333333333331,1.5797666666666665,1.5328333333333335,70.74803805555555
1.5882666666666667,1.6384333333333336,1.5764,1.3033000000000001,1.5651000000000002,1.5348999999999997,70.99803222222222
1.5876666666666666,1.6387666666666667,1.5748666666666669,1.3032,1.5616666666666668,1.5360999999999998,71.24802277777778
1.5868666666666666,1.6387666666666667,1.576833333333333,1.3019333333333332,1.5694000000000001,1.5359333333333336,71.49801583333333
1.5889000000000002,1.6425333333333336,1.5702,1.3038333333333334,1.5611333333333333,1.5393666666666665,71.74800972222222
1.5894000000000001,1.6406333333333332,1.570266666666667,1.3030666666666666,1.545566666666667,1.5392333333333332,71.99800666666667
1.5872333333333333,1.6399666666666666,1.5711000000000004,1.3009999999999997,1.5432666666666668,1.5400666666666667,72.2479975
1.5906000000000002,1.6425,1.5677999999999996,1.3043333333333331,1.5553,1.5431000000000004,72.49799472222222
1.5884,1.6423333333333336,1.5635333333333334,1.3045666666666667,1.5461000000000005,1.5445666666666669,72.74798805555555
1.5885999999999998,1.6409666666666667,1.5708000000000002,1.3032000000000001,1.5354333333333332,1.5445333333333335,72.99797722222222
1.5893666666666668,1.6408,1.5766333333333336,1.3026999999999997,1.5375666666666667,1.5455333333333328,73.24797500000001
1.5893666666666666,1.6428999999999998,1.5672333333333333,1.3038666666666665,1.5445,1.5478333333333334,73.49796333333333
1.5896333333333335,1.6430333333333333,1.5696333333333334,1.3059999999999998,1.5273333333333332,1.5482666666666667,73.74795777777777
1.5878333333333337,1.6397,1.5745,1.3026999999999997,1.5353999999999999,1.5487666666666666,73.99795055555555
1.5890333333333335,1.6421000000000001,1.5745999999999998,1.3035333333333332,1.5443000000000002,1.5507666666666666,74.24794388888888
1.5894,1.6428333333333334,1.5565666666666664,1.3031000000000001,1.5425333333333333,1.5520666666666667,74.49793722222223
1.5883000000000003,1.6425666666666667,1.558066666666667,1.3047666666666666,1.538066666666667,1.5537,74.74793111111111
1.5892999999999997,1.6419333333333332,1.5649333333333337,1.3054666666666666,1.5221333333333336,1.5548,74.99792361111112
1.5905999999999998,1.6434666666666666,1.5642333333333331,1.3041,1.5293666666666668,1.5575999999999999,75.24791750000001
1.5907333333333333,1.6472333333333335,1.5683,1.3053000000000003,1.5363666666666667,1.5588666666666666,75.49791
1.5913333333333333,1.6460666666666668,1.5720333333333334,1.3067333333333337,1.5307666666666668,1.5595666666666668,75.74790444444444
1.5921000000000003,1.6480666666666668,1.5799333333333334,1.307666666666667,1.5310000000000006,1.5632000000000001,75.99789694444445
1.5914333333333335,1.648566666666667,1.5664333333333336,1.306833333333333,1.5334999999999999,1.5642,76.24788916666667
1.5912666666666668,1.6459666666666664,1.5655,1.3056333333333332,1.5260333333333336,1.5633666666666666,76.49788277777779
1.5912,1.6486333333333334,1.5549000000000002,1.3051666666666668,1.5355,1.5647666666666666,76.74787833333335
1.5915666666666666,1.6480333333333332,1.5431666666666668,1.3078,1.5362999999999998,1.5675333333333334,76.99787138888888
1.5915000000000001,1.6472000000000002,1.5650666666666668,1.3074333333333334,1.5338666666666665,1.5687000000000002,77.24786138888888
1.5906,1.6492000000000002,1.5383000000000002,1.3065666666666669,1.5383,1.5688333333333335,77.49785638888889
1.5872000000000002,1.6461999999999999,1.5403666666666669,1.3053333333333335,1.5312333333333332,1.5680999999999998,77.74784833333334
1.5886666666666667,1.648166666666667,1.5167666666666668,1.3060666666666665,1.5338999999999998,1.5705333333333331,77.99784222222223
1.5881999999999998,1.6463333333333334,1.5286,1.3056666666666668,1.5325666666666666,1.5723,78.24783472222222
1.5889,1.647033333333333,1.5417666666666667,1.3070999999999997,1.5272999999999999,1.5742999999999998,78.4978325
1.5885999999999998,1.6499666666666668,1.5577333333333332,1.3064666666666669,1.5284333333333333,1.5771333333333335,78.74782250000001
1.5895666666666668,1.6483999999999999,1.5661333333333334,1.3054999999999999,1.5292666666666668,1.5767333333333333,78.99781416666667
1.5875333333333335,1.6478666666666666,1.5628666666666666,1.3069666666666666,1.5226666666666664,1.5751,79.24780805555555
1.5884999999999998,1.6497666666666668,1.5666333333333333,1.3077,1.5199999999999996,1.5791000000000004,79.4978
1.5896,1.6491333333333333,1.5952,1.3092333333333335,1.5213666666666668,1.581033333333333,79.74779416666667
1.5872000000000004,1.6489000000000003,1.5693333333333337,1.3081,1.5164000000000002,1.5787333333333333,79.9977886111111
1.5876,1.6497000000000002,1.5809333333333335,1.3072333333333332,1.5165666666666668,1.5800333333333334,80.24777999999999
1.5869,1.6536,1.5771666666666668,1.3094666666666666,1.514633333333333,1.5798333333333334,80.49777444444445
1.5874000000000001,1.6511333333333336,1.586733333333333,1.3097000000000003,1.5174333333333334,1.5842666666666667,80.74776583333333
1.588366666666667,1.6514666666666669,1.6016666666666666,1.3094666666666668,1.5143666666666666,1.5828333333333333,80.99776
1.5867333333333336,1.6531333333333333,1.5877,1.3109666666666668,1.5112999999999999,1.5851666666666668,81.24775611111112
1.5854666666666666,1.652266666666667,1.5896666666666666,1.3094666666666666,1.5123666666666664,1.5837666666666665,81.49774638888888
1.5844333333333336,1.6531666666666665,1.6050333333333333,1.3111999999999997,1.5083666666666666,1.5839999999999994,81.74773944444445
1.5865,1.6538666666666666,1.6115666666666668,1.3111666666666666,1.5123333333333333,1.5851666666666666,81.99773555555555
1.5840666666666665,1.6548333333333334,1.5783999999999998,1.3106666666666664,1.5092666666666668,1.5846000000000002,82.24772583333333
1.5824,1.6557999999999997,1.5783666666666667,1.3101666666666667,1.4998666666666667,1.5861666666666667,82.49771944444444
1.5820666666666667,1.6550666666666671,1.5858333333333334,1.3109000000000002,1.5048000000000001,1.5848,82.74771166666666
1.5808666666666666,1.6517333333333333,1.5843666666666667,1.3095666666666665,1.4997666666666667,1.5845666666666665,82.99770527777778
1.580566666666667,1.6538666666666666,1.5872333333333333,1.3098,1.5038333333333331,1.5859333333333332,83.24769722222223
1.5812666666666666,1.6576000000000002,1.6047666666666667,1.3111666666666668,1.5003666666666668,1.5886333333333331,83.49769277777779
1.5807666666666669,1.6573666666666664,1.6132,1.3125333333333336,1.5015333333333332,1.5878333333333332,83.74768305555556
1.581633333333333,1.6551666666666662,1.6167999999999998,1.3119333333333334,1.5016999999999998,1.5879666666666665,83.99767722222222
1.5810333333333335,1.6535000000000002,1.6155333333333335,1.3112666666666666,1.500833333333333,1.5882333333333334,84.2476711111111
1.5804666666666667,1.655,1.5964333333333336,1.3130666666666666,1.4989666666666668,1.5891333333333335,84.49766416666667
1.5810666666666664,1.6564666666666665,1.6020333333333332,1.3139333333333332,1.5010999999999999,1.5888,84.74766
1.5789666666666669,1.6582999999999997,1.6231666666666669,1.3127333333333333,1.4982,1.5894000000000001,84.99765055555557
1.5799,1.6566666666666667,1.6155,1.3136666666666668,1.4994333333333336,1.592,85.2476463888889
1.5805666666666667,1.6562000000000001,1.6168333333333333,1.3128666666666666,1.4956666666666667,1.5927666666666664,85.49763944444445
1.5793333333333335,1.6545333333333332,1.6103,1.3112333333333333,1.4926666666666666,1.5923999999999998,85.74762916666667
1.5777666666666665,1.6570333333333334,1.6204666666666667,1.3135666666666668,1.4932666666666667,1.5933666666666666,85.99762388888888
1.5762,1.6569666666666665,1.6321333333333334,1.3148,1.4886,1.5962666666666667,86.24761666666666
1.5766666666666667,1.655833333333333,1.6233,1.312633333333333,1.4892666666666665,1.5968,86.49760805555556
1.5789333333333333,1.6559000000000001,1.6087333333333331,1.3116666666666665,1.4901666666666666,1.5974000000000002,86.74760138888888
1.5772333333333335,1.6589333333333331,1.6139666666666668,1.3147666666666664,1.4876333333333336,1.5971666666666668,86.99759583333332
1.5779333333333332,1.6584666666666665,1.5996333333333337,1.315,1.4919,1.6018999999999999,87.24758944444444
1.5785999999999998,1.6573000000000002,1.5972999999999997,1.3143666666666665,1.4895,1.6008666666666667,87.49758361111111
1.5780666666666667,1.66,1.6101333333333332,1.315,1.4956333333333331,1.6027999999999998,87.74757444444444
1.5804666666666667,1.6590666666666667,1.5958666666666665,1.315133333333333,1.4940000000000002,1.6051666666666669,87.99757055555555
1.5797333333333332,1.6585333333333336,1.6113333333333333,1.315033333333333,1.4923000000000002,1.6070999999999998,88.24756194444444
1.5796333333333334,1.6579999999999995,1.6027333333333333,1.3160666666666665,1.4924666666666668,1.6108333333333336,88.49755333333333
1.5835666666666668,1.6593333333333333,1.607033333333333,1.318266666666667,1.4928333333333335,1.6141666666666665,88.74754805555555
1.5835,1.6614666666666666,1.5996000000000001,1.3161666666666665,1.4921,1.6152666666666666,88.9975425
1.5838666666666668,1.6600666666666666,1.6045000000000003,1.3156999999999996,1.4942333333333333,1.615733333333333,89.24753444444445
1.5804333333333336,1.6594333333333333,1.5853000000000002,1.3157666666666668,1.491,1.6164666666666667,89.49753027777777
1.5812666666666668,1.6613666666666669,1.5861999999999998,1.3171,1.4907333333333337,1.6176000000000001,89.74752027777777
1.581666666666667,1.6610333333333336,1.5905,1.3171,1.4903999999999997,1.62,89.9975125
1.5808666666666666,1.6604333333333332,1.6065333333333334,1.3164333333333333,1.492433333333333,1.6205999999999998,90.24750611111111
1.5793666666666666,1.6652666666666662,1.6164666666666667,1.316833333333333,1.4951333333333334,1.6246,90.49750055555555
1.5794,1.6621666666666663,1.6206999999999998,1.3157999999999999,1.4929333333333332,1.6264333333333334,90.74749222222222
1.5799,1.6636000000000002,1.6279666666666666,1.3186666666666669,1.4955,1.6289333333333336,90.99748611111112
1.5781333333333334,1.6651666666666667,1.6251000000000002,1.3178333333333332,1.4984666666666666,1.6294000000000002,91.24747916666666
1.5780333333333334,1.6658,1.6141333333333336,1.3179,1.4919666666666664,1.6302333333333334,91.49747444444445
1.5763,1.663933333333333,1.6108333333333333,1.3193333333333335,1.4921666666666664,1.6293,91.74746527777778
1.5739999999999998,1.6642333333333332,1.6227333333333334,1.3169333333333333,1.4942666666666664,1.6279,91.99745861111111
1.5744333333333336,1.6648333333333332,1.6296,1.3192666666666666,1.4981333333333329,1.6314,92.24745388888888
1.5756,1.6674333333333335,1.5605666666666667,1.3190000000000002,1.4911666666666668,1.6331999999999998,92.49744472222221
1.5718666666666665,1.6643,1.6131000000000002,1.3165333333333336,1.4924333333333333,1.6331333333333333,92.74743861111111
1.572,1.6651666666666665,1.6956666666666664,1.3180999999999998,1.4952999999999999,1.6339666666666666,92.99743444444445
1.5698999999999999,1.6656666666666669,1.6653000000000002,1.3179333333333332,1.494333333333333,1.6366999999999998,93.24742722222223
1.5694,1.6693,1.6797666666666666,1.3195,1.4949999999999999,1.6380333333333332,93.4974175
1.5672666666666666,1.6672333333333336,1.6842333333333332,1.3187,1.4966666666666668,1.6394666666666664,93.74741027777779
1.565,1.6709666666666663,1.6631666666666667,1.3213,1.4976666666666667,1.6418999999999997,93.99740416666667
1.561433333333333,1.6660333333333335,1.6674333333333333,1.319533333333333,1.4954666666666665,1.6427333333333332,94.24739722222222
1.561333333333333,1.6695,1.6757999999999997,1.3189,1.4970999999999999,1.6446333333333332,94.49739277777778
1.5537,1.6664666666666665,1.6715,1.3175666666666668,1.4954666666666667,1.6451333333333331,94.7473863888889
1.5525666666666667,1.6709000000000005,1.6978333333333333,1.3200666666666667,1.4949000000000001,1.6495333333333335,94.99737916666666
1.5472666666666668,1.6697000000000002,1.6618666666666664,1.3204,1.4949000000000001,1.6494333333333333,95.24737277777778
1.5452333333333335,1.6679333333333335,1.7005666666666666,1.3193666666666668,1.4925333333333333,1.6509333333333331,95.49736222222222
1.541866666666667,1.6671333333333331,1.6692666666666667,1.3176666666666668,1.4945333333333335,1.6505333333333332,95.74735638888889
1.5354333333333332,1.6676666666666669,1.6742666666666663,1.3196333333333334,1.4934666666666667,1.6533999999999998,95.99734916666667
1.5325000000000002,1.668566666666667,1.6745999999999999,1.3200333333333334,1.496233333333333,1.6572666666666667,96.24734277777777
1.5252333333333334,1.6677333333333335,1.6942333333333333,1.3196000000000003,1.4914,1.6581666666666666,96.49733611111111
1.5254666666666665,1.6677666666666664,1.695366666666667,1.3201666666666667,1.4919333333333331,1.6592333333333338,96.7473286111111
1.5223333333333333,1.6689999999999998,1.6964666666666668,1.3212666666666668,1.4945,1.6599000000000002,96.99732416666667
1.5155666666666667,1.6684999999999999,1.6865,1.3179666666666667,1.4878333333333333,1.6604333333333334,97.24731805555555
1.5154999999999998,1.6697666666666666,1.6906,1.3194000000000001,1.4965333333333333,1.6635666666666664,97.49731055555556
1.5133333333333334,1.6693666666666667,1.6930333333333336,1.3205000000000002,1.4930666666666665,1.6662333333333332,97.74730416666667
1.509,1.6699333333333333,1.693833333333333,1.3188333333333335,1.4948333333333332,1.6676333333333333,97.99729638888888
1.5070333333333332,1.6718000000000002,1.6871333333333332,1.321966666666667,1.4967333333333332,1.6696333333333337,98.24729055555555
1.5015666666666665,1.6709666666666667,1.6748333333333334,1.3195666666666668,1.4960333333333333,1.6711,98.49728611111111
1.4995666666666667,1.672466666666667,1.6596333333333333,1.3216,1.4997666666666667,1.6759666666666668,98.74727916666667
1.4913999999999998,1.672966666666667,1.668,1.3210333333333333,1.499366666666667,1.6752666666666667,98.99727305555557
1.489266666666667,1.6733666666666667,1.6726999999999999,1.3217666666666665,1.4967333333333332,1.6771333333333331,99.24726444444444
1.4849,1.6702000000000001,1.6563999999999999,1.3202666666666667,1.5011999999999999,1.6784666666666672,99.49725944444445
1.4789666666666668,1.6694,1.6652333333333336,1.3180666666666667,1.4946333333333333,1.6782666666666666,99.74724916666666
