LB_PERM4,LB_CYPERM2,LB_PERM7,LB_LCY3,LB_CISPERM1,TIME[H]
0.048933333333333356,0.03626666666666667,0.024266666666666686,0.037500000000000006,0.015399999999999997,0.0
0.05146666666666666,0.03593333333333332,0.026600000000000013,0.03783333333333333,0.012866666666666665,0.24996361111111112
0.05133333333333337,0.03470000000000001,0.03176666666666669,0.0421,0.01366666666666666,0.49995527777777776
0.05496666666666669,0.035400000000000015,0.038566666666666666,0.04886666666666667,0.014433333333333326,0.7499525
0.056933333333333364,0.03450000000000003,0.04583333333333334,0.05046666666666666,0.01256666666666667,0.9999425000000001
0.05889999999999998,0.03373333333333331,0.05946666666666667,0.05046666666666666,0.012166666666666659,1.2499352777777777
0.06593333333333334,0.03560000000000002,0.08613333333333334,0.05353333333333335,0.013433333333333325,1.4999297222222223
0.07383333333333333,0.03363333333333335,0.11636666666666667,0.052733333333333354,0.01266666666666666,1.7499230555555556
0.08906666666666663,0.03179999999999997,0.16323333333333334,0.05379999999999999,0.012366666666666665,1.9999158333333333
0.11660000000000001,0.03210000000000002,0.23320000000000002,0.0562,0.012666666666666687,2.249912222222222
0.1526333333333334,0.030700000000000005,0.3269666666666667,0.05666666666666667,0.01256666666666667,2.499902777777778
0.1969666666666667,0.03030000000000002,0.47220000000000006,0.06243333333333337,0.012466666666666681,2.7498958333333334
0.2639999999999999,0.03196666666666664,0.6284666666666667,0.061600000000000016,0.014366666666666639,2.9998899999999997
0.3386,0.02949999999999997,0.7873666666666668,0.06349999999999995,0.013199999999999962,3.2498830555555553
0.45683333333333326,0.02949999999999997,0.9137666666666668,0.06696666666666665,0.013199999999999962,3.499876388888889
0.6827000000000001,0.03076666666666672,1.0053666666666665,0.07090000000000002,0.014333333333333365,3.749868333333333
0.8646333333333335,0.033866666666666656,1.0764,0.07746666666666668,0.015833333333333366,3.9998652777777775
0.9968333333333331,0.03419999999999998,1.1280000000000001,0.08149999999999996,0.016699999999999965,4.249856666666667
1.0920333333333334,0.03486666666666666,1.1630333333333334,0.08716666666666664,0.016133333333333333,4.499849444444445
1.1559333333333335,0.035933333333333345,1.1942333333333333,0.09456666666666663,0.017166666666666663,4.749842777777778
1.2062333333333333,0.03879999999999997,1.2263,0.10136666666666669,0.015999999999999986,4.999836388888889
1.2410666666666668,0.04226666666666665,1.2565666666666666,0.11179999999999998,0.017199999999999965,5.249828333333333
1.2699999999999998,0.043233333333333346,1.2837999999999998,0.12013333333333331,0.01680000000000001,5.4998233333333335
1.2921666666666667,0.04613333333333333,1.305566666666667,0.12836666666666668,0.015866666666666696,5.749814444444444
1.3138666666666665,0.050600000000000006,1.3274,0.14,0.01733333333333334,5.999808888888889
1.3375666666666668,0.054300000000000015,1.3488000000000002,0.14866666666666667,0.01676666666666668,6.249799166666667
1.3539,0.05829999999999999,1.3637000000000001,0.15809999999999994,0.016666666666666635,6.499797500000001
1.3744666666666667,0.060699999999999976,1.3841333333333332,0.1701666666666667,0.01686666666666664,6.749787222222222
1.3888000000000003,0.06506666666666666,1.4001,0.18006666666666668,0.017499999999999988,6.9997799999999994
1.4054333333333335,0.07,1.4186999999999999,0.19256666666666666,0.01933333333333334,7.249773055555556
1.4184333333333334,0.07256666666666667,1.4358666666666664,0.20313333333333333,0.01849999999999999,7.499768888888889
1.4313666666666667,0.07753333333333334,1.4514333333333331,0.2147666666666667,0.020066666666666677,7.749759444444444
1.4482333333333335,0.08029999999999995,1.4657,0.22596666666666665,0.019166666666666665,7.999753055555556
1.4625,0.08619999999999994,1.481266666666667,0.2388,0.020966666666666633,8.249745833333334
1.476066666666667,0.08879999999999999,1.4976333333333336,0.2458,0.020266666666666655,8.499743055555555
1.4872666666666665,0.09310000000000002,1.5087333333333333,0.25503333333333333,0.021766666666666656,8.749732222222223
1.5014666666666667,0.09369999999999998,1.5242,0.26393333333333335,0.022833333333333317,8.999725277777777
1.5155666666666665,0.09699999999999995,1.5375,0.2737666666666667,0.023266666666666658,9.249720555555555
1.5247999999999997,0.09966666666666671,1.5491000000000001,0.2832,0.02460000000000004,9.499715555555555
1.5383,0.10010000000000005,1.5621333333333332,0.2898666666666666,0.02510000000000004,9.749706111111111
1.5501333333333336,0.10223333333333331,1.5734666666666668,0.2981,0.024166666666666642,9.999699166666668
1.5615333333333332,0.10573333333333332,1.5839666666666667,0.3078333333333333,0.026400000000000007,10.249691944444445
1.5746,0.10713333333333336,1.5968333333333333,0.3147333333333333,0.026833333333333348,10.499687777777776
1.5841999999999998,0.10779999999999998,1.6052666666666666,0.32146666666666657,0.0261666666666667,10.749678611111111
1.5942666666666667,0.1078,1.6170666666666664,0.3250666666666666,0.02586666666666665,10.99967138888889
1.6050666666666669,0.11049999999999996,1.6265,0.32919999999999994,0.026699999999999974,11.249666111111111
1.6165333333333334,0.11176666666666671,1.6379666666666666,0.33769999999999994,0.028100000000000014,11.499658888888888
1.6263999999999998,0.11396666666666666,1.6485333333333334,0.3399333333333334,0.028166666666666645,11.74965138888889
1.6329,0.1136,1.6533333333333335,0.34453333333333336,0.027599999999999986,11.999645277777777
1.6439000000000001,0.11493333333333336,1.6636333333333333,0.3473666666666666,0.027466666666666695,12.2496375
1.6539666666666668,0.1183666666666667,1.6728666666666667,0.3536666666666667,0.031399999999999956,12.499631944444445
1.6615666666666666,0.11783333333333332,1.6806000000000003,0.3542333333333333,0.02863333333333329,12.749624722222222
1.6693999999999998,0.1188666666666667,1.6876666666666666,0.3571333333333333,0.027566666666666656,12.999617777777779
1.6788000000000003,0.12046666666666664,1.6956666666666667,0.3614333333333334,0.028566666666666685,13.249613333333333
1.6851999999999998,0.12066666666666664,1.7028999999999996,0.3632666666666667,0.02933333333333335,13.49960361111111
1.6950333333333334,0.12306666666666669,1.7107666666666668,0.3688000000000001,0.029099999999999987,13.749596666666667
1.6995333333333338,0.12396666666666664,1.7146999999999997,0.3696666666666667,0.028233333333333305,13.999589444444444
1.7064666666666664,0.12639999999999993,1.7208666666666663,0.37139999999999995,0.028766666666666635,14.249583333333334
1.7125000000000001,0.12816666666666668,1.7259,0.3746666666666666,0.030600000000000016,14.499578611111112
1.7193666666666667,0.1276666666666667,1.7328666666666663,0.3786,0.02983333333333335,14.749569722222223
1.7255999999999998,0.12790000000000004,1.7381666666666669,0.3798,0.02993333333333334,14.999563333333333
1.7318333333333333,0.1291,1.7433999999999998,0.38396666666666673,0.030833333333333324,15.249559444444444
1.735466666666667,0.128,1.7444666666666664,0.38546666666666674,0.02906666666666663,15.499553055555557
1.7413333333333334,0.12906666666666666,1.7497333333333334,0.3891,0.02973333333333336,15.749544166666666
1.7451666666666665,0.1301333333333333,1.753966666666667,0.39183333333333337,0.030133333333333318,15.999536111111112
1.7514333333333334,0.13396666666666668,1.759233333333333,0.3970999999999999,0.03313333333333332,16.24953361111111
1.7505666666666666,0.1312333333333333,1.756666666666667,0.3982666666666666,0.030933333333333313,16.499523611111112
1.7554999999999998,0.13116666666666668,1.7594666666666667,0.40193333333333336,0.031366666666666654,16.7495175
1.7589666666666668,0.13253333333333334,1.7634666666666665,0.4073,0.03179999999999997,16.999513333333333
1.7619,0.13193333333333335,1.764533333333333,0.4097,0.03140000000000004,17.249505555555555
1.7651333333333332,0.13356666666666672,1.7693666666666665,0.4156666666666667,0.03086666666666668,17.499499999999998
1.7645000000000002,0.13283333333333336,1.7675000000000003,0.4204666666666666,0.028500000000000025,17.74949611111111
1.7672,0.1332,1.7699666666666662,0.4267333333333333,0.028033333333333327,17.99948611111111
1.7713333333333336,0.13390000000000002,1.7736666666666667,0.43300000000000005,0.02836666666666665,18.24948277777778
1.7734666666666665,0.13669999999999996,1.776933333333333,0.44033333333333335,0.03203333333333333,18.499475555555552
1.7721000000000002,0.134,1.7751666666666668,0.4429666666666668,0.0271666666666667,18.749465555555556
1.7741333333333331,0.1345,1.775733333333333,0.4545999999999998,0.02746666666666664,18.99946083333333
1.7762666666666667,0.13390000000000002,1.7794333333333334,0.46146666666666664,0.027033333333333326,19.2494525
1.7786666666666666,0.135,1.7817,0.4697,0.025666666666666643,19.499444999999998
1.7806666666666666,0.13743333333333332,1.7836000000000003,0.4811666666666665,0.02889999999999998,19.74944027777778
1.7814000000000003,0.13660000000000003,1.7841333333333336,0.48829999999999996,0.026500000000000024,19.999433333333336
1.7826666666666666,0.13670000000000002,1.785133333333333,0.49760000000000015,0.026100000000000012,20.249426944444448
1.7856,0.13749999999999998,1.7886000000000002,0.5071000000000001,0.02733333333333335,20.499419166666666
1.7891333333333332,0.13830000000000006,1.7922333333333331,0.5156000000000001,0.02773333333333336,20.7494125
1.7875,0.1383,1.7905000000000002,0.5257666666666666,0.027433333333333337,20.99940722222222
1.7894666666666663,0.1374666666666666,1.7912333333333332,0.5330333333333332,0.025066666666666626,21.249401388888888
1.7924666666666669,0.13813333333333327,1.7945333333333333,0.5430999999999999,0.02753333333333327,21.499391666666668
1.7929000000000002,0.1397,1.7963333333333333,0.5546333333333334,0.02786666666666665,21.749388333333332
1.7964666666666667,0.14040000000000002,1.7988333333333333,0.5627,0.026500000000000024,21.999378888888888
1.7960999999999998,0.1404333333333333,1.7974666666666665,0.5733666666666668,0.0262,22.249371944444444
1.7990333333333335,0.14186666666666664,1.801,0.5841333333333333,0.027900000000000008,22.49936472222222
1.800533333333333,0.1402666666666667,1.8027000000000002,0.5937333333333332,0.02583333333333332,22.749359166666668
1.7999666666666667,0.1392666666666667,1.8032999999999997,0.6034333333333334,0.027533333333333326,22.999350555555555
1.802,0.1408333333333333,1.8059333333333334,0.6143666666666667,0.02646666666666664,23.2493475
1.8027666666666669,0.13943333333333338,1.8053000000000001,0.6254000000000001,0.02736666666666665,23.499338333333334
1.8039666666666665,0.13963333333333333,1.8066,0.6336333333333335,0.02696666666666664,23.74933111111111
1.808066666666667,0.13886666666666667,1.8098999999999998,0.6454,0.026666666666666672,23.99932861111111
1.8084,0.14083333333333328,1.8101,0.6577666666666666,0.027066666666666656,24.249319166666666
1.8105,0.14046666666666666,1.8128,0.6684666666666667,0.028166666666666645,24.49931472222222
1.8096,0.13976666666666657,1.8122,0.6806,0.02699999999999997,24.749306944444445
1.8120999999999998,0.1402,1.8146,0.6894,0.02633333333333332,24.999298055555556
1.8162666666666665,0.14073333333333338,1.8185666666666667,0.7018333333333334,0.027933333333333338,25.249293333333334
1.8137000000000003,0.1418333333333334,1.8154666666666668,0.7117666666666667,0.027700000000000002,25.499284444444445
1.8177,0.14246666666666666,1.8201,0.7226,0.02799999999999997,25.749277777777777
1.817866666666667,0.14243333333333336,1.8186000000000002,0.7317,0.028099999999999986,25.999271111111113
1.8206333333333335,0.14360000000000006,1.8225333333333333,0.7433333333333334,0.02840000000000001,26.249264166666666
1.8238666666666667,0.13866666666666663,1.8253666666666668,0.7541666666666667,0.02849999999999997,26.49926027777778
1.8203666666666671,0.13956666666666673,1.8216333333333332,0.7621666666666668,0.026133333333333342,26.74925027777778
1.8247666666666666,0.1410666666666667,1.8272,0.7724,0.02870000000000003,26.999244722222222
1.8246000000000002,0.14166666666666664,1.8264,0.7827999999999999,0.02749999999999997,27.249235833333334
1.826066666666667,0.1407,1.8287666666666669,0.7908333333333335,0.028033333333333355,27.49923027777778
1.8267000000000002,0.13949999999999993,1.8308666666666669,0.8005666666666666,0.027133333333333287,27.749223055555554
1.8253,0.1391,1.8283333333333331,0.8092666666666666,0.02620000000000003,27.99921722222222
1.8293,0.14046666666666666,1.8317999999999997,0.8182333333333334,0.026533333333333325,28.249211388888888
1.8320000000000003,0.13999999999999999,1.8363666666666665,0.8274666666666666,0.02783333333333335,28.499205833333335
1.8321333333333334,0.14066666666666663,1.8358000000000003,0.8373333333333333,0.028200000000000003,28.749199444444447
1.8321,0.1401333333333334,1.8363666666666667,0.8437000000000001,0.027133333333333343,28.999189444444443
1.8336333333333332,0.14016666666666666,1.8366666666666667,0.8533999999999999,0.027600000000000013,29.24918388888889
1.834733333333333,0.1391666666666667,1.8398333333333334,0.8607000000000001,0.027133333333333343,29.499177222222222
1.8390666666666666,0.14143333333333336,1.8443666666666667,0.8715999999999999,0.027699999999999975,29.749171111111114
1.8377666666666665,0.14079999999999995,1.8427333333333331,0.8800333333333332,0.02856666666666663,29.999164166666667
1.8394,0.14193333333333336,1.8448,0.8879999999999999,0.0267,30.249157500000003
1.8415333333333332,0.14033333333333334,1.8457000000000001,0.8961333333333334,0.02683333333333332,30.49915027777778
1.8421666666666665,0.14046666666666668,1.847,0.9036333333333335,0.026966666666666667,30.749143611111112
1.8451666666666666,0.1409333333333333,1.8502666666666667,0.9138333333333332,0.02786666666666665,30.99913611111111
1.8417666666666668,0.13800000000000004,1.8464333333333331,0.9197666666666667,0.025999999999999995,31.249129444444442
1.8479333333333336,0.1404333333333333,1.8513333333333333,0.9313333333333335,0.027733333333333304,31.499123055555554
1.8476333333333332,0.13900000000000004,1.8507666666666664,0.9373666666666663,0.025066666666666654,31.74911611111111
1.8497666666666666,0.14006666666666667,1.8528666666666669,0.9453666666666667,0.026800000000000018,31.999109166666667
1.848866666666667,0.1389333333333333,1.8542333333333334,0.9545000000000001,0.02626666666666666,32.24910361111111
1.8487999999999998,0.14010000000000003,1.8525,0.9633000000000002,0.028966666666666724,32.499095555555556
1.851,0.1378333333333333,1.8535666666666666,0.9684333333333331,0.030233333333333334,32.749090555555554
1.8527666666666665,0.1384333333333333,1.8559,0.9764333333333335,0.0275333333333333,32.99908222222222
1.8533000000000002,0.14043333333333335,1.8564333333333332,0.9838333333333331,0.02723333333333333,33.24907583333333
1.853166666666667,0.13753333333333334,1.856233333333333,0.9905333333333332,0.026199999999999973,33.499069166666665
1.8557666666666666,0.13963333333333336,1.8569999999999998,0.9989666666666669,0.028699999999999976,33.7490625
1.8562,0.13926666666666662,1.8582999999999998,1.0064000000000002,0.027499999999999997,33.99905583333333
1.8579,0.13939999999999997,1.8599,1.0135333333333332,0.02683333333333332,34.249047777777776
1.8580666666666665,0.13963333333333328,1.8584000000000003,1.0185,0.027666666666666645,34.49904138888889
1.8569333333333333,0.13803333333333337,1.858866666666667,1.0252,0.02660000000000004,34.74903555555556
1.8587666666666665,0.13823333333333337,1.8585,1.0317666666666665,0.02793333333333331,34.999026944444445
1.8589666666666664,0.13726666666666668,1.8607000000000002,1.0374333333333332,0.027300000000000046,35.24902277777778
1.8607333333333334,0.13793333333333338,1.8619666666666665,1.0443666666666667,0.02863333333333337,35.49901416666667
1.8585,0.13743333333333335,1.8592,1.0489000000000002,0.02723333333333336,35.74901027777778
1.8594333333333335,0.13589999999999997,1.8592666666666668,1.053533333333333,0.026400000000000007,35.999003333333334
1.8628333333333331,0.13723333333333337,1.8620333333333332,1.061033333333333,0.02786666666666668,36.24899722222222
1.8627666666666665,0.1403666666666667,1.862566666666667,1.0690666666666666,0.02826666666666669,36.49899027777778
1.8627666666666667,0.13749999999999998,1.8641333333333332,1.0726666666666664,0.02779999999999999,36.748980277777775
1.8569333333333335,0.13379999999999995,1.8558333333333334,1.0726999999999998,0.022933333333333333,36.998975
1.8636666666666666,0.13616666666666663,1.8619999999999999,1.0816333333333332,0.027166666666666672,37.24896777777778
1.8658000000000001,0.13646666666666663,1.8639999999999999,1.0867,0.02573333333333333,37.49896138888889
1.8650000000000002,0.13703333333333334,1.8626999999999998,1.0919666666666665,0.02836666666666668,37.74895305555555
1.8636333333333333,0.13433333333333333,1.860666666666667,1.0952,0.02820000000000003,37.99894861111111
1.8637,0.1357666666666667,1.8612666666666668,1.100566666666667,0.027533333333333354,38.24894111111111
1.8669,0.13623333333333335,1.8635333333333337,1.1071333333333333,0.029333333333333322,38.498937222222224
1.8688333333333331,0.13730000000000006,1.8650333333333329,1.1105666666666667,0.027066666666666683,38.74893055555555
1.8660666666666663,0.13419999999999999,1.8622333333333332,1.1135,0.027999999999999997,38.998921111111116
1.868433333333333,0.1359333333333333,1.8638,1.119533333333333,0.027633333333333315,39.248915277777776
1.8652,0.1327,1.8599333333333334,1.1204666666666667,0.025200000000000028,39.4989075
1.8688000000000002,0.13616666666666666,1.8641333333333332,1.1269666666666667,0.02723333333333336,39.74890111111111
1.871133333333333,0.13593333333333332,1.8659000000000001,1.1294666666666666,0.0267,39.998893888888894
1.8682999999999998,0.13410000000000002,1.863,1.1322333333333332,0.026266666666666688,40.24888722222222
1.8697,0.1350666666666667,1.8643,1.1361333333333332,0.02733333333333332,40.49888083333333
1.8700999999999999,0.1352,1.8643333333333336,1.1368,0.02749999999999997,40.748873611111115
1.8669333333333333,0.13036666666666663,1.8605666666666663,1.1370333333333331,0.02269999999999997,40.998867222222216
1.8725333333333332,0.13473333333333332,1.8674333333333335,1.1442666666666663,0.02620000000000003,41.24885944444444
1.8701666666666668,0.13293333333333338,1.8630666666666666,1.1456999999999997,0.02683333333333332,41.49885305555556
1.8722333333333334,0.1323666666666667,1.8649666666666667,1.1476333333333335,0.02623333333333333,41.748846666666665
1.8706666666666667,0.1292333333333333,1.8640333333333332,1.1475666666666666,0.023633333333333312,41.99883833333333
1.8730666666666662,0.13423333333333334,1.866033333333333,1.1518,0.02783333333333335,42.24883416666667
1.8755,0.13570000000000002,1.8679000000000001,1.1559333333333333,0.027999999999999997,42.49882638888889
1.8726333333333334,0.13333333333333333,1.8646,1.1559999999999997,0.02736666666666665,42.748818888888884
1.8767333333333338,0.13436666666666666,1.8674666666666668,1.1576,0.028666666666666674,42.99881222222222
1.8771333333333333,0.13413333333333335,1.8688,1.1590333333333336,0.02726666666666666,43.248807777777785
1.8747000000000005,0.1343,1.8663,1.1608000000000003,0.026533333333333325,43.498798611111106
1.8774,0.13289999999999996,1.8690666666666667,1.1621666666666663,0.027066666666666628,43.74879194444445
1.8753666666666666,0.1324,1.8667666666666667,1.1625,0.02743333333333331,43.998783333333336
1.8785666666666665,0.1346333333333333,1.8692,1.1630999999999998,0.027133333333333315,44.248780833333335
1.8780666666666668,0.13263333333333335,1.8695666666666668,1.1625666666666665,0.02456666666666668,44.49877138888888
1.8744666666666667,0.13289999999999996,1.866333333333333,1.1644,0.024499999999999966,44.74876416666667
1.877333333333333,0.13376666666666667,1.8695,1.1648333333333334,0.025833333333333347,44.99875861111111
1.878466666666667,0.13316666666666663,1.8690999999999998,1.165,0.025400000000000006,45.24874944444444
1.8803000000000003,0.13566666666666669,1.8711,1.1658333333333335,0.02686666666666665,45.49874666666667
1.8796333333333335,0.13423333333333332,1.8715333333333333,1.1663,0.02559999999999993,45.74873972222222
1.8769,0.13390000000000002,1.8686333333333334,1.1654666666666667,0.025933333333333364,45.99873305555556
1.8783333333333339,0.13343333333333335,1.8694333333333335,1.1649666666666667,0.023100000000000037,46.24872722222222
1.8816333333333335,0.13353333333333328,1.8726333333333334,1.1661000000000001,0.026233333333333303,46.49871861111111
1.8810000000000002,0.13389999999999994,1.8714333333333333,1.1654000000000002,0.025966666666666666,46.748713611111114
1.8794666666666664,0.13376666666666664,1.8716,1.1654333333333333,0.026866666666666705,46.99870722222222
1.878433333333333,0.133,1.8694666666666668,1.1635,0.024499999999999994,47.24869972222222
1.8801333333333334,0.13270000000000004,1.8714000000000002,1.1632666666666667,0.02460000000000001,47.498691111111114
1.8823999999999996,0.13326666666666664,1.8714333333333335,1.1627666666666665,0.02476666666666666,47.748686111111105
1.8784,0.13136666666666663,1.8690999999999998,1.1581000000000001,0.022933333333333333,47.99867972222222
1.8803999999999998,0.13216666666666668,1.8710666666666667,1.1606666666666667,0.024900000000000005,48.248670555555556
1.8786666666666665,0.13129999999999994,1.8693000000000002,1.1579333333333335,0.02493333333333328,48.498666388888886
1.8795000000000004,0.13136666666666671,1.8703,1.1556999999999997,0.023133333333333367,48.74865611111112
1.8808000000000002,0.13076666666666667,1.8718333333333332,1.1545000000000003,0.024899999999999978,48.99865277777778
1.8788333333333331,0.12960000000000005,1.8705,1.1532666666666667,0.021900000000000003,49.248642777777775
1.8797,0.1308,1.8713,1.1532333333333333,0.023233333333333328,49.49863722222223
1.8813666666666664,0.13129999999999997,1.8707333333333331,1.1515666666666666,0.023866666666666647,49.748629722222226
1.8795333333333328,0.13036666666666666,1.8686333333333331,1.1497333333333333,0.02213333333333331,49.998624444444445
1.8804333333333336,0.1301,1.8723999999999998,1.149166666666667,0.02363333333333334,50.24861694444445
1.8784333333333336,0.13029999999999997,1.8672666666666662,1.1465,0.02106666666666665,50.49861055555555
1.8803666666666665,0.13156666666666667,1.8689666666666667,1.1454333333333335,0.02303333333333335,50.748603333333335
1.8821333333333334,0.13000000000000003,1.8689666666666667,1.1441999999999999,0.022733333333333328,50.99859583333333
1.8811,0.13026666666666661,1.8653333333333335,1.1426,0.024599999999999983,51.24859055555556
1.8819666666666668,0.12893333333333332,1.8644333333333336,1.1414333333333335,0.023499999999999993,51.49858305555556
1.8787333333333334,0.1282333333333334,1.8567999999999998,1.137633333333333,0.021433333333333332,51.748575833333334
1.8843999999999999,0.1279666666666667,1.8601333333333332,1.1374333333333333,0.023866666666666675,51.99857
1.8845333333333338,0.12893333333333332,1.8591000000000002,1.1363333333333332,0.02146666666666666,52.24856305555555
1.8844666666666665,0.1286,1.8546000000000005,1.1348333333333334,0.020300000000000012,52.498557777777776
1.8854000000000006,0.128,1.8517666666666666,1.1342,0.021833333333333316,52.74855
1.883,0.12903333333333333,1.8469666666666669,1.1327999999999998,0.021366666666666645,52.99854333333333
1.8847666666666665,0.12749999999999997,1.8451000000000002,1.1308333333333334,0.02093333333333333,53.24853805555556
1.885,0.1262666666666666,1.8407333333333329,1.1302999999999999,0.020366666666666672,53.49853166666667
1.8821000000000003,0.1276,1.8329666666666666,1.1286999999999998,0.01930000000000004,53.748525
1.880066666666667,0.1266,1.826,1.1281333333333334,0.0203666666666667,53.998515833333336
1.8739,0.12663333333333335,1.8154,1.1276000000000002,0.020166666666666666,54.24851277777778
1.8733999999999997,0.1266666666666667,1.8053666666666666,1.1271333333333335,0.01949999999999999,54.49850222222222
1.8751666666666662,0.12626666666666664,1.7928666666666666,1.1275666666666666,0.020033333333333347,54.74849833333334
1.8699333333333334,0.12780000000000008,1.7691666666666668,1.127033333333333,0.020299999999999985,54.99848777777778
1.8661999999999999,0.12689999999999999,1.7449333333333332,1.1273,0.020033333333333347,55.248486111111106
1.8631000000000002,0.12700000000000003,1.7139666666666666,1.1252333333333333,0.01993333333333333,55.498475
1.8585999999999998,0.1251666666666667,1.6729333333333334,1.1255333333333333,0.01953333333333332,55.748469166666666
1.8538,0.12430000000000005,1.6299333333333335,1.125033333333333,0.018000000000000016,55.99846222222222
1.8500333333333334,0.12733333333333335,1.5815333333333335,1.1265999999999998,0.019933333333333303,56.24845527777778
1.8426666666666667,0.12459999999999993,1.527766666666667,1.1252666666666666,0.019433333333333302,56.498448611111115
1.8394666666666666,0.12596666666666667,1.4783666666666666,1.1264333333333334,0.01830000000000001,56.7484425
1.826966666666667,0.12770000000000004,1.4279999999999997,1.1279000000000001,0.01826666666666671,56.99843472222222
1.8177666666666665,0.12376666666666669,1.3839333333333332,1.1253000000000002,0.018033333333333346,57.24842777777778
1.8035333333333332,0.1251,1.3454000000000002,1.1275,0.018199999999999994,57.498422222222224
1.7859666666666667,0.12576666666666667,1.3111,1.1284333333333334,0.01833333333333334,57.74841861111111
1.7631666666666668,0.12399999999999994,1.2798666666666667,1.1283333333333334,0.018699999999999967,57.99840777777778
1.7386000000000001,0.12533333333333332,1.2588333333333337,1.1291666666666667,0.01826666666666668,58.248404722222226
1.7040999999999997,0.12523333333333334,1.2428,1.1300666666666666,0.017799999999999983,58.498393888888884
1.6697333333333335,0.12416666666666662,1.2357333333333331,1.1308666666666667,0.018066666666666648,58.748392499999994
1.6283999999999998,0.12436666666666665,1.2291333333333334,1.1313333333333333,0.017399999999999943,58.99838111111111
1.5840666666666665,0.12396666666666661,1.2297666666666667,1.1318,0.0184333333333333,59.248376666666665
1.5384666666666666,0.12310000000000001,1.2216666666666665,1.132666666666667,0.01733333333333331,59.49836861111111
1.4996666666666667,0.1232,1.2136333333333333,1.1343,0.017066666666666674,59.74836555555556
1.4555333333333336,0.12259999999999996,1.215666666666667,1.134466666666667,0.018000000000000016,59.9983575
1.4194333333333335,0.12290000000000001,1.2137666666666669,1.1349666666666667,0.016733333333333295,60.24834861111111
1.3846666666666667,0.12236666666666665,1.2143333333333333,1.1365666666666667,0.018133333333333335,60.49834138888889
1.3604333333333334,0.12219999999999995,1.2131666666666667,1.1368,0.01796666666666666,60.748335555555556
1.3268666666666669,0.12166666666666667,1.2128666666666668,1.1377333333333335,0.01766666666666669,60.99832777777778
1.3035666666666668,0.1213666666666667,1.2072666666666667,1.1382,0.016666666666666663,61.24832083333333
1.3014999999999999,0.12203333333333338,1.2082666666666668,1.1381333333333332,0.016066666666666674,61.498315000000005
1.2616666666666667,0.12053333333333327,1.2056999999999998,1.1402999999999999,0.01733333333333331,61.748306944444444
1.2678333333333334,0.12186666666666668,1.2078666666666669,1.141233333333333,0.01720000000000002,61.99830305555555
1.2443666666666666,0.12093333333333339,1.2071333333333336,1.1428333333333334,0.017366666666666697,62.24829472222223
1.2300999999999997,0.12020000000000003,1.2051333333333332,1.1422666666666668,0.015466666666666684,62.49829027777778
1.2447,0.12009999999999996,1.2048999999999999,1.1435,0.016566666666666646,62.748283888888885
1.2471,0.12013333333333334,1.2055333333333333,1.1449666666666667,0.016999999999999987,62.99827333333334
1.2339333333333333,0.12003333333333338,1.2048333333333334,1.1444999999999999,0.015966666666666712,63.248267500000004
1.2199666666666666,0.11893333333333334,1.2014,1.1452,0.01689999999999997,63.498261666666664
1.2251333333333332,0.11963333333333331,1.1993333333333334,1.1453666666666666,0.015966666666666685,63.74825388888889
1.2158666666666669,0.11979999999999999,1.1979333333333333,1.1478333333333333,0.017199999999999993,63.99824638888889
1.2249,0.11906666666666671,1.2005333333333332,1.1459999999999997,0.01660000000000003,64.2482425
1.2263666666666664,0.1200333333333333,1.1980666666666666,1.1489333333333334,0.016166666666666663,64.49823611111111
1.2196333333333333,0.11813333333333334,1.1968,1.1483666666666665,0.017100000000000032,64.74822694444444
1.2154333333333331,0.11746666666666672,1.1952999999999998,1.1474333333333333,0.01623333333333335,64.99822055555556
1.2157333333333336,0.11813333333333331,1.1944333333333335,1.1495000000000002,0.016566666666666646,65.2482125
1.2323000000000002,0.11733333333333337,1.1943666666666668,1.1480333333333332,0.016733333333333378,65.49820805555555
1.2135666666666665,0.11886666666666668,1.1923666666666666,1.1499333333333333,0.01736666666666667,65.74820305555555
1.2071666666666667,0.11820000000000006,1.1908666666666665,1.1504333333333334,0.017633333333333334,65.9981936111111
1.2076333333333333,0.11813333333333334,1.1922000000000001,1.1508000000000003,0.016599999999999976,66.24818666666667
1.2087666666666668,0.11693333333333336,1.1915666666666664,1.1502000000000001,0.015566666666666673,66.49817916666667
1.2105333333333335,0.11656666666666662,1.1856666666666666,1.1496,0.015966666666666685,66.748175
1.2050666666666667,0.11646666666666666,1.1855,1.1519666666666668,0.016766666666666707,66.99816916666667
1.2059,0.11530000000000001,1.1867999999999999,1.1515666666666668,0.01680000000000001,67.24816
1.2067333333333332,0.1162,1.1878333333333333,1.151933333333333,0.016733333333333322,67.4981536111111
1.2041666666666666,0.11603333333333332,1.1848333333333334,1.1516666666666666,0.015499999999999986,67.74814611111111
1.2083333333333335,0.11636666666666665,1.1844,1.1524333333333334,0.016599999999999976,67.99814194444444
1.200233333333333,0.11776666666666666,1.1843666666666666,1.1540666666666668,0.016066666666666646,68.24813361111111
1.2053666666666667,0.1164,1.1816666666666666,1.1519000000000001,0.016533333333333344,68.49812638888889
1.1997666666666666,0.11633333333333334,1.1802666666666666,1.1522333333333332,0.016566666666666646,68.74811972222223
1.2037,0.11580000000000001,1.1821000000000002,1.1534999999999997,0.016933333333333328,68.99811249999999
1.1981000000000002,0.11476666666666671,1.1790666666666667,1.1512,0.016033333333333344,69.24810833333333
1.2025333333333332,0.11636666666666667,1.1786333333333334,1.1524333333333334,0.016933333333333328,69.49809944444445
1.1944666666666666,0.11646666666666666,1.1766999999999999,1.1543333333333332,0.017299999999999982,69.74809611111111
1.1937,0.11530000000000001,1.1763333333333332,1.1538000000000002,0.017100000000000032,69.99808888888889
1.1991666666666667,0.11603333333333332,1.1724,1.153,0.015899999999999997,70.24808083333333
1.2046999999999999,0.11490000000000006,1.1735,1.1521,0.01623333333333335,70.498075
1.1955,0.11596666666666663,1.1701666666666668,1.1527000000000003,0.01533333333333331,70.74806805555556
1.1909666666666667,0.1147333333333333,1.1712666666666667,1.1534333333333335,0.01583333333333331,70.99805916666666
1.1933,0.1149,1.1689333333333334,1.1526333333333334,0.016166666666666663,71.24805583333332
1.1905666666666668,0.11399999999999999,1.1679666666666668,1.1517,0.01589999999999997,71.49804583333334
1.1861,0.1131,1.1662,1.1519333333333335,0.015599999999999975,71.74803944444444
1.1861000000000002,0.11393333333333336,1.1759333333333335,1.1527,0.01573333333333335,71.99803388888888
1.1839333333333333,0.11296666666666672,1.1686333333333334,1.1514666666666664,0.01416666666666666,72.24802694444445
1.1867333333333334,0.11509999999999998,1.1681000000000001,1.1527999999999998,0.015199999999999991,72.49802
1.1872,0.1142,1.1700666666666666,1.1541000000000001,0.016233333333333322,72.74801527777778
1.1862000000000001,0.11180000000000001,1.1682666666666666,1.1517000000000002,0.014899999999999969,72.99800833333333
1.1850666666666667,0.11250000000000004,1.1655,1.1521666666666666,0.015699999999999992,73.24799888888889
1.1853333333333331,0.11356666666666665,1.1656666666666669,1.1537666666666668,0.015599999999999975,73.49799222222222
1.1904333333333335,0.1111333333333333,1.1646333333333332,1.1513333333333333,0.014600000000000002,73.74798611111112
1.193,0.11350000000000002,1.1645333333333334,1.1529,0.015833333333333366,73.99798361111111
1.1840666666666666,0.1142,1.1627666666666665,1.1520000000000001,0.01576666666666668,74.24797361111112
1.1761333333333333,0.11169999999999997,1.1642666666666668,1.1516,0.015099999999999975,74.49796472222222
1.172966666666667,0.11273333333333332,1.1631,1.1515666666666666,0.015099999999999975,74.74796027777778
1.1726,0.11116666666666666,1.1717666666666664,1.1499666666666666,0.01460000000000003,74.99795250000001
1.1732999999999998,0.11013333333333333,1.1626666666666665,1.1493333333333335,0.014066666666666644,75.24794888888889
1.1808666666666667,0.1098666666666667,1.1628000000000003,1.1503666666666668,0.014200000000000018,75.49793999999999
1.1697666666666664,0.10999999999999999,1.170266666666667,1.1492999999999998,0.014733333333333348,75.74793305555556
1.1753333333333333,0.11170000000000005,1.1663000000000001,1.1507,0.015933333333333355,75.9979275
1.1886666666666668,0.11036666666666672,1.1650999999999998,1.1481666666666666,0.014666666666666661,76.24791944444445
1.1719,0.10946666666666671,1.1606999999999998,1.1478333333333333,0.013899999999999996,76.49791333333334
1.1746999999999999,0.10926666666666665,1.1650666666666665,1.1473333333333333,0.014533333333333315,76.74790472222222
1.1670333333333334,0.10873333333333335,1.1583999999999999,1.1472666666666667,0.013899999999999968,76.99790222222221
1.1683000000000001,0.10996666666666671,1.1678,1.1469666666666667,0.014366666666666694,77.24789361111111
1.1666999999999996,0.11063333333333333,1.1640333333333333,1.1484666666666667,0.014666666666666689,77.49788666666666
1.187766666666667,0.10860000000000003,1.1643333333333334,1.1468000000000003,0.013633333333333386,77.74787972222224
1.1660333333333335,0.10723333333333332,1.1632,1.1462333333333332,0.013633333333333303,77.99787305555556
1.169,0.10783333333333339,1.1608333333333332,1.1463666666666665,0.01350000000000004,78.2478663888889
1.1636666666666664,0.10710000000000003,1.1790666666666667,1.1456666666666668,0.013500000000000012,78.4978588888889
1.1670999999999998,0.10769999999999999,1.1674999999999998,1.1451666666666669,0.012966666666666682,78.74785305555555
1.1704666666666665,0.10816666666666666,1.1794666666666667,1.1451666666666667,0.013366666666666666,78.9978461111111
1.1662666666666666,0.10900000000000001,1.1730333333333332,1.1459,0.013200000000000017,79.24783972222222
1.1640333333333333,0.10623333333333337,1.1769,1.1452333333333333,0.013066666666666671,79.49783333333333
1.1705,0.10646666666666665,1.1751666666666667,1.1444333333333332,0.013133333333333358,79.74782722222223
1.1612333333333336,0.1066,1.1809999999999998,1.1443333333333332,0.012199999999999989,79.99781944444445
1.1677,0.10683333333333336,1.1781666666666668,1.1454,0.012866666666666665,80.2478125
1.1625333333333332,0.10826666666666668,1.1974333333333333,1.1458333333333335,0.012833333333333308,80.49780527777777
1.1605333333333334,0.10533333333333336,1.1912333333333331,1.1446,0.012833333333333363,80.7477988888889
1.1899333333333335,0.1066,1.1997333333333333,1.1438666666666666,0.012566666666666643,80.99779166666666
1.1893666666666665,0.10570000000000002,1.1993999999999998,1.1436666666666666,0.011866666666666692,81.24778666666667
1.1591,0.10490000000000002,1.2080999999999997,1.1448,0.012300000000000005,81.49777916666667
1.1765666666666665,0.10753333333333334,1.1947666666666668,1.1439,0.012333333333333335,81.74777194444444
1.1898,0.10629999999999998,1.1975999999999998,1.1444666666666667,0.011566666666666642,81.99776555555556
1.1602999999999999,0.10616666666666669,1.2102000000000002,1.1439333333333332,0.012166666666666659,82.24775722222222
1.1642,0.1050666666666667,1.2120333333333333,1.1433666666666666,0.01153333333333334,82.49775388888888
1.1664999999999999,0.10420000000000004,1.2049666666666665,1.1439333333333332,0.011766666666666675,82.74774444444445
1.1776,0.10413333333333338,1.2051666666666665,1.1436666666666668,0.011966666666666681,82.99774027777778
1.1676000000000002,0.10673333333333337,1.1881666666666664,1.1458666666666666,0.010733333333333345,83.24773444444443
1.1689333333333334,0.10526666666666668,1.2066666666666666,1.1443333333333332,0.011433333333333351,83.49772722222222
1.1696666666666666,0.1051,1.207933333333333,1.1446,0.011300000000000004,83.74772083333333
1.1650333333333336,0.1028,1.2002666666666666,1.1439,0.009899999999999992,83.99771
1.1674333333333335,0.10390000000000005,1.2515666666666665,1.1445999999999998,0.011266666666666675,84.247705
1.170866666666667,0.10533333333333333,1.224733333333333,1.1463999999999999,0.010899999999999993,84.4976975
1.1670666666666667,0.1038333333333333,1.2230000000000003,1.1452000000000002,0.010633333333333328,84.74769055555555
1.1672333333333333,0.10339999999999999,1.229,1.1461333333333332,0.010399999999999993,84.99768361111111
1.1773333333333333,0.10306666666666667,1.2215666666666665,1.146,0.010166666666666657,85.24767694444444
1.1724666666666668,0.10199999999999998,1.2245,1.1456333333333335,0.010866666666666663,85.49767027777779
1.1719666666666666,0.1036333333333333,1.2116,1.147,0.010266666666666702,85.74766361111111
1.1904666666666666,0.10376666666666667,1.2392666666666667,1.1479333333333335,0.010133333333333328,85.99765916666666
1.1720666666666668,0.10290000000000002,1.2206333333333332,1.1471666666666667,0.009300000000000003,86.24765
1.1934666666666667,0.10303333333333334,1.2496333333333334,1.1488333333333336,0.010099999999999998,86.49764333333333
1.1942000000000002,0.10230000000000006,1.2333666666666667,1.1484,0.010533333333333339,86.74763666666668
1.1667000000000003,0.1023,1.2229333333333334,1.1487333333333332,0.010200000000000042,86.99763055555555
1.1718666666666666,0.10216666666666663,1.2431999999999999,1.1493666666666669,0.009599999999999997,87.24762305555556
1.1956333333333333,0.10393333333333332,1.2244666666666666,1.1519000000000001,0.009899999999999992,87.49761583333334
1.1792333333333334,0.10266666666666663,1.1977000000000002,1.1507666666666667,0.010133333333333328,87.74761055555555
1.2030333333333334,0.1015,1.2776666666666667,1.1512333333333333,0.009533333333333338,87.99760638888888
1.1635999999999997,0.10300000000000004,1.2772666666666668,1.1528999999999998,0.010000000000000009,88.24759944444445
1.1684666666666668,0.10293333333333332,1.2321,1.1538999999999997,0.00930000000000003,88.49759055555556
1.1884666666666668,0.10323333333333334,1.2121999999999997,1.1543666666666665,0.009166666666666712,88.7475838888889
1.1751,0.10380000000000003,1.2488333333333332,1.1549666666666667,0.009766666666666701,88.99757694444445
1.1840666666666668,0.10170000000000007,1.2005333333333332,1.1557,0.009400000000000047,89.24756916666666
1.1776333333333333,0.10253333333333334,1.2751666666666666,1.1566666666666667,0.009333333333333332,89.49756777777777
1.1628333333333334,0.10070000000000001,1.2614333333333334,1.1569666666666667,0.009066666666666695,89.74755722222223
1.1753333333333333,0.10273333333333332,1.2989000000000002,1.1588000000000003,0.009266666666666645,89.99755
1.1804000000000001,0.10259999999999997,1.3091666666666666,1.1591666666666667,0.009266666666666645,90.24754166666668
1.1829666666666667,0.10166666666666666,1.2553,1.1601,0.009200000000000014,90.49753944444444
1.1656666666666669,0.10169999999999998,1.3261333333333334,1.1606,0.009266666666666618,90.74752944444445
1.1779666666666668,0.10170000000000004,1.3107666666666666,1.1625,0.008966666666666678,90.99752277777777
1.1671666666666667,0.10233333333333335,1.2972666666666663,1.163333333333333,0.009633333333333369,91.2475186111111
1.2076,0.10136666666666666,1.3113666666666666,1.1626333333333332,0.009166666666666629,91.49751222222223
1.2019666666666664,0.10199999999999998,1.3250666666666668,1.1651666666666667,0.009666666666666657,91.74750277777778
1.1687333333333334,0.10173333333333334,1.3182999999999998,1.1663,0.009433333333333349,91.99749583333333
1.1698666666666666,0.1015666666666667,1.3111,1.1675333333333335,0.0092666666666667,92.24749027777779
1.1809999999999998,0.10260000000000001,1.3497666666666668,1.1680333333333333,0.009900000000000006,92.49748583333334
1.1589666666666667,0.10226666666666669,1.3301,1.1691999999999998,0.00973333333333333,92.74747555555555
1.1633666666666664,0.10193333333333328,1.3604333333333332,1.170433333333333,0.009900000000000006,92.9974725
1.1645666666666667,0.10256666666666671,1.3856,1.1722,0.010066666666666654,93.24746305555556
1.1998000000000002,0.10146666666666672,1.3677333333333335,1.1731333333333331,0.009800000000000017,93.49745694444444
1.1885666666666665,0.10266666666666664,1.3583333333333334,1.1743999999999999,0.009800000000000017,93.74745
1.161966666666667,0.10243333333333333,1.398966666666667,1.1748333333333334,0.0097,93.9974461111111
1.2241666666666668,0.10266666666666671,1.3974666666666666,1.1763,0.010266666666666674,94.24744
1.1877000000000004,0.10413333333333336,1.3611333333333335,1.1785666666666668,0.009799999999999975,94.49743027777778
1.1746999999999999,0.10366666666666666,1.4180666666666666,1.1785666666666668,0.00996666666666668,94.74742527777778
1.1826666666666665,0.10326666666666665,1.4075333333333335,1.1793,0.010733333333333317,94.99742027777778
1.1716999999999997,0.10393333333333331,1.4027333333333332,1.1803,0.01076666666666666,95.2474111111111
