strain_id,n_genes,mean_gene_length,median_gene_length,total_codons,enc,gc3s,gc_cds,codon_entropy,rscu_AAA,rscu_AAC,rscu_AAG,rscu_AAT,rscu_ACA,rscu_ACC,rscu_ACG,rscu_ACT,rscu_AGA,rscu_AGC,rscu_AGG,rscu_AGT,rscu_ATA,rscu_ATC,rscu_ATG,rscu_ATT,rscu_CAA,rscu_CAC,rscu_CAG,rscu_CAT,rscu_CCA,rscu_CCC,rscu_CCG,rscu_CCT,rscu_CGA,rscu_CGC,rscu_CGG,rscu_CGT,rscu_CTA,rscu_CTC,rscu_CTG,rscu_CTT,rscu_GAA,rscu_GAC,rscu_GAG,rscu_GAT,rscu_GCA,rscu_GCC,rscu_GCG,rscu_GCT,rscu_GGA,rscu_GGC,rscu_GGG,rscu_GGT,rscu_GTA,rscu_GTC,rscu_GTG,rscu_GTT,rscu_TAC,rscu_TAT,rscu_TCA,rscu_TCC,rscu_TCG,rscu_TCT,rscu_TGC,rscu_TGG,rscu_TGT,rscu_TTA,rscu_TTC,rscu_TTG,rscu_TTT
Chlorp10,5270,964.9975332068311,819.0,1687632,39.33212585995097,0.7778366373711805,0.6208016970479223,5.435247895070496,0.5463883965710565,1.50589325650273,1.4536116034289435,0.49410674349726996,0.2133092758962022,2.7261587039055746,0.6467942212031225,0.4137377989951008,0.09247055709937806,2.6056850140618724,0.19102818578801112,0.5634190437926878,0.09053024859893663,2.339599472233471,1.0,0.569870279167592,0.5269671990803023,1.272478226035717,1.4730328009196976,0.727521773964283,0.6449069427144429,0.8664546323058132,1.9778210446118683,0.5108173803678756,0.28974460764853777,3.3924573243350538,0.9478893740902474,1.086409951038772,0.1556498403322289,0.8813061273444176,3.6089413951814815,0.2929491311974333,0.8539313803227396,1.2581536634386992,1.1460686196772603,0.741846336561301,0.4073784355179704,2.014186046511628,1.1429598308668076,0.4354756871035941,0.13859887124215828,2.555519745767158,0.5629698473253836,0.7429115356653001,0.3370964747970772,1.3770060244013567,1.9381697294925666,0.34772777130899946,1.374815379484492,0.6251846205155082,0.29481719566090797,0.7914021695460024,1.514584170349538,0.23009240658899155,1.6280810565149977,1.0,0.37191894348500243,0.07097344867393292,1.5922087266373153,0.9901800572705057,0.4077912733626848
Chlorp11,5345,940.3807296538821,795.0,1661236,39.740213012114474,0.7747159344006511,0.6179999940314365,5.452889981281505,0.5486615328199487,1.5064052070809668,1.4513384671800513,0.4935947929190332,0.24478644475636654,2.6769099659113698,0.6623721676358533,0.4159314216964107,0.11470907694073806,2.5415054150541505,0.2265040664765151,0.5595055950559505,0.09675221439927323,2.334357590412954,1.0,0.5688901951877731,0.5289490878021812,1.2735943510565422,1.4710509121978188,0.7264056489434578,0.6641681135125427,0.8739986828713405,1.9423576603005448,0.5194755433155721,0.3017934883392351,3.3297952191305424,0.958946689861625,1.0682514592513443,0.15932648489997683,0.8838495404340774,3.5924924692979068,0.298818259056152,0.8564482800534824,1.256222410068564,1.1435517199465175,0.7437775899314361,0.42147049041381013,1.991159462272147,1.147896617206862,0.4394734301071808,0.1453083605446368,2.5402316554740927,0.5686340952498306,0.7458258887314398,0.3424272558260193,1.37289117558044,1.92945652643867,0.3552250421548705,1.3731948686621869,0.6268051313378131,0.3360633606336063,0.7905679056790568,1.5301353013530135,0.24222242222422224,1.6105856309116522,1.0,0.38941436908834776,0.07229474009423033,1.5895485597577295,0.9932185062176566,0.4104514402422706
Chlorp2,5287,945.6094193304332,807.0,1650232,39.77711314232845,0.7745050392914451,0.6173573144336052,5.453030934646746,0.5484252550643206,1.5050595672765967,1.4515747449356795,0.4949404327234034,0.24771059954464963,2.666734125980268,0.6655198583354415,0.4200354161396408,0.11240918647044734,2.52039677993186,0.2222103946563057,0.5521753550215576,0.09820251325242849,2.330624545919328,1.0,0.5711729408282431,0.5279805660639953,1.2718307618896134,1.4720194339360047,0.7281692381103865,0.6646933030482427,0.8682961011973082,1.9433846005146855,0.5236259952397637,0.3051334592969103,3.3263964659233043,0.9588844239827554,1.074966069670277,0.1562165100566902,0.8787450493127281,3.5981051487147626,0.29755377805389455,0.8533837093010335,1.2556824929339951,1.1466162906989665,0.7443175070660047,0.42160385744686585,1.99005468308057,1.1469978180642728,0.44134364140829135,0.14510177083575093,2.539203626770642,0.5702261316251614,0.7454684707684452,0.34106312176594594,1.3670052441765248,1.9380455424499539,0.3538860916075753,1.3737943315031904,0.6262056684968096,0.34588597099526636,0.7972382187113697,1.538818705339645,0.2454849700003015,1.6056096453614488,1.0,0.39439035463855115,0.07355750563019336,1.5902017905357397,0.995822008231731,0.4097982094642603
Chlorp3,5272,919.5421092564492,780.0,1591718,40.167336771252025,0.7716925988146142,0.6146548989175766,5.46895724514809,0.5502996204165783,1.5009717642434433,1.4497003795834216,0.4990282357565567,0.2612420812130024,2.6274794890435142,0.680911828850348,0.43036660089313533,0.1346840293152839,2.496314596647406,0.2675245574241589,0.5594258529513854,0.10260586319218241,2.323438606429684,1.0,0.5739555303781334,0.528305388031016,1.2724425887265136,1.471694611968984,0.7275574112734864,0.674827999902064,0.8720711015351468,1.9253238008961144,0.5277770976666748,0.32760100850360113,3.24261018082578,0.9734770782313232,1.0541031456998526,0.15965223620585794,0.8868302372152846,3.5773432539359504,0.30276289868286094,0.85797121863042,1.2564076967231526,1.14202878136958,0.7435923032768474,0.42634247894505395,1.972223613824736,1.1496195358727297,0.4518143713574804,0.15427835092802317,2.5184284033519284,0.5807768342364118,0.7465164114836366,0.34592129861839405,1.366394601249373,1.9241074278418677,0.3635766722903652,1.3746562966454552,0.6253437033545447,0.3696633113502256,0.7929844620944525,1.5203054494967025,0.26130632745982807,1.5920229026153623,1.0,0.4079770973846378,0.0749580762280002,1.5862403643354424,0.998453297732046,0.41375963566455753
Chlorp4,5169,955.3006384213581,813.0,1635615,39.45883505948717,0.7770239328937434,0.6197243025393742,5.438751401270951,0.5483562440222793,1.5032027285583562,1.4516437559777207,0.4967972714416438,0.22138662820644894,2.7101576182136604,0.6530854022870094,0.4153703512928814,0.09583636363636364,2.5942333869570597,0.1942909090909091,0.5640391040712783,0.09267535273070951,2.336852764463647,1.0,0.5704718828056436,0.5273862847769857,1.270697823817554,1.4726137152230143,0.729302176182446,0.6417522245037646,0.869342293572273,1.9692614025262896,0.5196440793976729,0.29274545454545453,3.385090909090909,0.9491454545454545,1.0828909090909091,0.1559949828891745,0.8830424751080073,3.5991576208984344,0.2966599049226529,0.8513501490279817,1.2558551117928145,1.1486498509720184,0.7441448882071854,0.4087032201914708,2.0083115752828546,1.1458659704090512,0.4371192341166231,0.14100643886169573,2.55139508670074,0.5644581010762318,0.7431403733613329,0.3346133705707802,1.3761913073834875,1.9415953918659452,0.3475999301797871,1.3746766205928007,0.6253233794071994,0.30101472590025985,0.7960029699294642,1.5085385472095039,0.2361712659324341,1.6149190250286276,1.0,0.3850809749713725,0.07079700831539665,1.5873805378903614,0.9943480078663343,0.4126194621096387
Chlorp5,5295,961.4379603399433,816.0,1688676,39.33540548376616,0.7778804222953367,0.6207351123022762,5.434307891817849,0.5475909840970496,1.5071260104420747,1.4524090159029504,0.4928739895579253,0.21274573558101145,2.7276774548546845,0.6451403131409134,0.41443649642339053,0.09349550502379693,2.6167122076669616,0.18773135906927552,0.5656192236598891,0.0904374869328873,2.3391830441145722,1.0,0.5703794689525402,0.5269292066620437,1.2702612103865294,1.4730707933379563,0.7297387896134705,0.6429874916913408,0.8659375188833162,1.9780772252099825,0.5129977642153605,0.2890005288207298,3.3937599153886833,0.9500264410364886,1.0859862506610258,0.15545964824747413,0.8834526630909317,3.607274541599102,0.29208931021579143,0.8543957514695333,1.2581769314868805,1.1456042485304667,0.7418230685131195,0.40556298532078083,2.0157839929379056,1.1449685218761068,0.433684499865207,0.13933887261641462,2.5549644330205035,0.5623468228824198,0.7433498714806623,0.33577441999612345,1.375997572958715,1.9413296478261968,0.3468983592189646,1.373835116905403,0.6261648830945968,0.28883709716306355,0.7936389938117817,1.5042795145865144,0.23091296311178977,1.6204379562043796,1.0,0.3795620437956204,0.06999126855432207,1.5912130223284116,0.9917325682923787,0.40878697767158845
Chlorp7,5322,951.9295377677565,807.0,1678287,39.47373397251021,0.7768367388891173,0.620048798214193,5.4399572098573294,0.5486040052623885,1.505479284637634,1.4513959947376114,0.4945207153623661,0.22323736853994627,2.7064079716874576,0.6541502472327502,0.4162044125398459,0.09937997759805262,2.5842915728530076,0.19690782568815432,0.5640680283049212,0.0931829587174137,2.3359921819286336,1.0,0.5708248593539527,0.5262742972580129,1.2719434922613484,1.4737257027419872,0.7280565077386517,0.652225855889558,0.8644213016037747,1.9684072067288547,0.5149456357778126,0.29427691982043164,3.3760616670929506,0.9497720116772356,1.0836015981231755,0.1565241062246688,0.8826144818825238,3.6020204464339725,0.2947795051721009,0.8525557861961598,1.256434480057144,1.14744421380384,0.7435655199428558,0.40893647470384015,2.0067103066281504,1.1479394694299419,0.43641374923806747,0.14020488003437281,2.5508544205995642,0.5652819550289079,0.7436587443371551,0.33709699360631207,1.3733845735274113,1.940246225003401,0.34927220786287577,1.3722955208760461,0.6277044791239538,0.3052227404310068,0.7926986169186233,1.5165849147635895,0.23713412672885173,1.6175896109380774,1.0,0.3824103890619226,0.070655132780836,1.5912907702984038,0.993406327505898,0.4087092297015961
Chlorp8,5217,937.784358826912,849.0,1627713,44.00501334630376,0.6671311220098384,0.5677211752627176,5.564554021876427,1.3575604209042715,1.2230129438980029,0.6424395790957285,0.7769870561019973,0.25391018876773364,2.1846875366397,1.1865400398639934,0.3748622347285731,0.18703132811198134,2.108206154615962,0.15834860856523914,0.5569802351763823,0.1724137931034483,1.4661809940100372,1.0,1.3614052128865144,0.3861738195650376,0.9773288922316536,1.6138261804349623,1.0226711077683464,0.35529901335660113,0.6311833008926774,2.5384790925565475,0.47503859319417413,0.30694884185969007,2.8262164639226794,0.8973504415930679,1.624104315947342,0.16304584756230472,0.7871606704709952,3.7397257977073424,0.46713876111536506,1.1523911654649996,0.8227969464907703,0.8476088345350005,1.1772030535092297,0.45464394048822765,1.51054456160624,1.5955992103615966,0.43921228754393565,0.3798628845797517,1.9878674604645168,0.7549565371508672,0.8773131178048643,0.42145134527005307,1.2010737835231566,1.605740745567168,0.7717341256396223,0.9353380058783631,1.0646619941216369,0.5237052789592194,1.0876282211658743,1.1389166875156367,0.5845634225669252,1.341512157211058,1.0,0.6584878427889419,0.4056025352254372,0.9460800740421593,0.4373263879185553,1.0539199259578407
Diaz11,6143,919.4865700797656,783.0,1855283,39.27038856165799,0.7850759156419802,0.6179817810546905,5.437260425643486,0.542680937153299,1.537573736855604,1.457319062846701,0.462426263144396,0.2550752857095443,2.728075318899424,0.6080828419387315,0.4087665534523006,0.15021928063101414,2.446207713040631,0.29364327137785345,0.5795611980150633,0.09567513796452003,2.297304658819071,1.0,0.6070202032164089,0.49413692112616,1.3283218889290447,1.50586307887384,0.6716781110709553,0.47991371240180714,1.1966298994668079,1.8794415727135823,0.4440148154178029,0.327234172436505,2.953830583623833,1.246429661520667,1.028643030410127,0.10179718419515993,0.8061747504425762,3.9515992992928046,0.23470910455923108,0.9788852217051721,1.3444656279446892,1.021114778294828,0.6555343720553108,0.3468548946099249,2.2483085844829103,1.0274629255386658,0.3773735953684992,0.2159634804260617,2.4450684742011344,0.6458431318301286,0.6931249135426754,0.27636025074042264,1.2306827941023026,2.1575876267146104,0.33536932844266437,1.4167131540778757,0.5832868459221243,0.3288244036373712,1.1992745409204262,1.208141263004106,0.23799088138240257,1.5687049054778508,1.0,0.4312950945221492,0.06033867514435866,1.5278492260206706,0.8453809863658692,0.47215077397932936
Diaz18,4435,966.9071025930101,801.0,1429411,52.608896266108935,0.4725365902459125,0.47099073208008985,5.716402599426856,1.3145694897081024,0.8470677104793297,0.6854305102918977,1.1529322895206702,0.7165796092087444,1.4211904301283291,0.7429418972077126,1.1192880634552138,0.5347278762447548,1.5014684600323487,0.2789190204797395,1.303609432195454,0.3780031111367172,1.1575156997176932,1.0,1.4644811891455898,1.312766418611372,0.8037807418462208,0.687233581388628,1.1962192581537792,1.1518733546036228,0.8636434959987447,0.7881165332914901,1.1963666161061421,0.512932924156072,2.0653535416797144,0.43524143546063754,2.172825201979082,0.5245637341519095,0.7658932325590394,1.1143255130073646,0.6891259205757548,1.294673763352812,0.596285912703516,0.705326236647188,1.403714087296484,0.7966489627043047,1.3044103406790106,1.0630006749024326,0.8359400217142522,0.36580029038260975,1.6857732970695896,0.4188053414040613,1.5296210711437395,0.6123881454724571,0.8556768738198834,1.596995320581233,0.9349396601264264,0.7390991242130694,1.2609008757869307,0.9720566953264663,0.5165787009449221,0.820103005022559,0.8861837064782497,0.9306838572472919,1.0,1.0693161427527083,1.8569254382005083,0.6640942746897487,1.0491661615054235,1.3359057253102513
Diaz21,6206,928.6358362874637,789.0,1895663,39.068521135763454,0.786804933155313,0.6193004337585548,5.428225061868638,0.5360248050121468,1.5386594714364847,1.4639751949878532,0.4613405285635152,0.2400192610751182,2.757310453510769,0.5990194361758011,0.403650849238312,0.1299830381444519,2.4739805437100215,0.2698118417419431,0.5794909381663113,0.09128400623808698,2.300953041067406,1.0,0.607762952694507,0.49005582693649685,1.3255720404155131,1.509944173063503,0.6744279595844869,0.47283023414594966,1.1967147274990964,1.8865416281778384,0.44391341017711555,0.3227328310520295,2.9879531379432764,1.2534890142400694,1.0360301368782296,0.09926495441455489,0.805043917959719,3.961215191242547,0.23503431865195074,0.9736975971752596,1.34651484516335,1.0263024028247405,0.65348515483665,0.3423394149073428,2.255158506398555,1.026999130293502,0.37550294840060017,0.21347610025150532,2.4442541484892826,0.6464428516523159,0.6958268996068965,0.27298302647619643,1.232752961770498,2.1647025725985434,0.32956143915476227,1.4188664512070799,0.5811335487929202,0.3076359275053305,1.2064565565031984,1.199210421108742,0.23322561300639658,1.5760794085208938,1.0,0.42392059147910627,0.05932642603800965,1.5291421981457034,0.8401151916932187,0.4708578018542966
Diaz23,4241,920.0167413345908,804.0,1293357,49.90102040078975,0.583047835980321,0.5260517541816053,5.686363699246889,1.3486082389327088,1.0555143422354105,0.6513917610672914,0.9444856577645895,0.5359505135787654,1.4393348476406806,1.5572222460320861,0.4674923927484678,0.3154700911570963,1.7091136079900124,0.1932264289041187,0.7688183887787324,0.25134576118373947,1.3410145580865,1.0,1.4076396807297606,0.606766719325961,0.9802790129323512,1.393233280674039,1.0197209870676487,0.7646729625743267,0.6654774396642182,1.776845050717034,0.7930045470444211,0.44226495442145186,2.279113713487258,0.7000066538026483,2.069918158227427,0.3387885198101881,0.603052998685038,3.042579040649477,0.5187525012863758,1.3068414924876643,0.7141551703808513,0.6931585075123358,1.2858448296191487,0.788947955420598,1.1093725831793353,1.4656821641687765,0.6359972972312903,0.45149896435190234,1.6873868963261747,0.691464079363349,1.1696500599585742,0.5223868980776286,1.018534372533105,1.497337143238345,0.9617415861509212,0.8557990321352835,1.1442009678647165,0.7813762209003452,0.9317764559007123,0.9525593008739076,0.85635602555629,1.1024694040118763,1.0,0.8975305959881237,0.617417529014922,0.954847986852917,0.8794094105539992,1.045152013147083
Diaz26,4182,979.2632711621234,844.5,1358804,39.471936472389146,0.7731549215339372,0.623392203559269,5.423494747265854,0.6793542074363992,1.5081014817183669,1.3206457925636008,0.4918985182816331,0.2659690429474602,2.5686256189853314,0.8180883864337102,0.3473169516334984,0.0688217575413629,2.6931498038206727,0.1299166193739905,0.5696275808837717,0.09853444064484612,2.1474352711284808,1.0,0.7540302882266732,0.45149084541176104,1.3466120024534332,1.548509154588239,0.6533879975465668,0.46367175801138066,1.075591494459419,2.026295297993411,0.43444144953578917,0.20777491596455233,3.5543065438512245,0.7550748679442965,1.2841052953245733,0.14848765937323802,0.9484003564867863,3.703606700496535,0.30228624433895346,0.85827971109652,1.2984177259540595,1.1417202889034799,0.7015822740459406,0.39846444304594086,1.9843675267463814,1.1939332913782252,0.4232347388294525,0.10483840555115587,2.5583965003582607,0.49228796621035564,0.8444771278802278,0.32372019177538464,1.2463310945611414,2.0208696742116423,0.4090790394518316,1.4579885231048022,0.5420114768951978,0.3183122145751592,0.9148002830127999,1.2600501704508908,0.24405994725670546,1.5848503033940122,1.0,0.4151496966059879,0.10512722576890199,1.3600387319496485,0.792091813535585,0.6399612680503516
Diaz28,5122,900.3361967981257,783.0,1527180,39.04993726776521,0.7642825338205058,0.6027435193847064,5.421704219988434,1.1066558637452808,1.448659682637498,0.8933441362547191,0.5513403173625019,0.20525585676688318,2.338713650447928,1.1789506436933608,0.2770798490918284,0.162631595389085,2.407572788991662,0.17556464965168223,0.3542397594204219,0.15217472465932425,2.131006160164271,1.0,0.7168191151764047,0.4773907009021513,1.2354765597041633,1.5226092990978488,0.7645234402958369,0.2988701184730145,0.575307152259763,2.7498354541465555,0.375987275120667,0.22292337009153104,3.4783668114085784,0.9729780387991628,0.9875355346599607,0.08301935590052255,0.5912219551046559,4.0831134021830495,0.23396363935601808,1.0923951759045178,1.0869486011711125,0.907604824095482,0.9130513988288874,0.27147572071989934,1.6648128225232945,1.77431726871015,0.28939418804665606,0.1778401698281175,2.6685270149969185,0.6222693966993084,0.5313634184756557,0.28704666177129723,1.0470241557871849,2.2374762781205595,0.4284529043209582,1.1395223221624668,0.8604776778375332,0.3700961407026017,1.0932701508178795,1.3935161981136375,0.38130496195379776,1.568602717734075,1.0,0.4313972822659251,0.19449946805071447,1.3914837344617825,0.8141821794050397,0.6085162655382174
Diaz8,4468,929.7777529095792,774.0,1384749,52.596940378656136,0.47220976509100204,0.47070720638421354,5.716189347933932,1.3146495333895398,0.8465007693532127,0.6853504666104602,1.1534992306467873,0.7182028939163803,1.4219095584512484,0.7412263170517227,1.1186612305806487,0.5329023917259211,1.4977908689248896,0.27721396250808017,1.30411272063834,0.3764174491857839,1.1571021038868419,1.0,1.4664804469273742,1.3120882076105957,0.8056625577812019,0.6879117923894044,1.1943374422187982,1.1532115710220108,0.8591808062250081,0.7872041500054037,1.2004034727475774,0.510989010989011,2.062960568842922,0.4345830639948287,2.181351001939237,0.5245508503367373,0.7646435780091528,1.1132916325266293,0.6875437159015968,1.2943586591892653,0.596289799606655,0.7056413408107347,1.403710200393345,0.796055023633499,1.3046297418494728,1.059598836504666,0.8397163980123621,0.36577971669712367,1.6811416620012887,0.4197783857440133,1.5333002355575742,0.6138985097391249,0.8548822725683963,1.5959242900871702,0.9352949276053086,0.7382212747610721,1.2617787252389279,0.9733365572725474,0.514760512606335,0.8190271030708021,0.8909722374870859,0.9284438950693586,1.0,1.0715561049306415,1.859669457822898,0.6662848142049116,1.0503007654029857,1.3337151857950884
Dimeth1,3343,1006.5874962608435,819.0,1115490,31.627657030051253,0.8853302136280917,0.6845788823966084,5.118669162110691,0.16600761835661165,1.704181705494185,1.8339923816433883,0.29581829450581504,0.13852335139518596,2.8023885878580117,0.9440082568469166,0.11507980389988573,0.0572290815371229,2.3224258512430445,0.24933640258610246,0.24442289039767218,0.05737704918032787,2.76973412315746,1.0,0.17288882766221242,0.1377905912502288,1.4381662258555743,1.8622094087497711,0.5618337741444257,0.2317063279640534,0.9002871185945788,2.7085827371972684,0.15942381624409946,0.15146542134305507,3.896864295705616,1.1490092848567621,0.4960955139713414,0.04093420391762933,0.7572074334505273,4.709442491210447,0.16378704168759417,0.7252193459502574,1.5631901056231123,1.2747806540497426,0.43680989437688755,0.2875105971718268,2.018027060937977,1.5663060802333073,0.128156261656889,0.15090292173303219,2.9914090941905673,0.500232047275765,0.3574559368006353,0.16508622807448534,1.3143025598191913,2.38038618385496,0.14022502825136343,1.6399260337569344,0.36007396624306565,0.17132063913420797,1.176272397774261,1.9798866710909184,0.10567155035989587,1.7754229741763135,1.0,0.22457702582368655,0.012355600200904069,1.8967239809013883,0.31627322953289805,0.10327601909861177
Dimeth2,5246,837.1761341974837,735.0,1463262,50.16735516980736,0.3188294372436378,0.3904494394814367,5.60169324374978,1.5218789723046107,0.7548423697220196,0.4781210276953892,1.2451576302779803,1.6085735146707587,0.4613461705050305,1.2028660883339315,0.7272142264902793,1.3156261906057802,1.0653720563112254,0.34953464322647365,0.9696170231170123,0.42045039450613675,0.5920605639976622,1.0,1.987489041496201,1.2950962772785624,0.6467803605025186,0.7049037227214378,1.3532196394974814,1.223828125,0.2928125,0.894140625,1.58921875,1.0939966254830458,1.1921841833124693,0.32493332607630765,1.7237250312959234,0.6619562263519869,0.30206743733929803,0.6417626523402388,1.4245040449860986,1.5422816361921277,0.5670091192427565,0.45771836380787223,1.4329908807572433,1.3901866271165493,0.47053231035433485,0.6827339018662711,1.4565471606628448,1.6556900924486624,0.8074531620715045,0.5128855436472225,1.0239712018326106,1.4468681919757647,0.4503370702471225,0.7967386934203514,1.3060560443567615,0.6206244087038789,1.3793755912961212,1.4293190320697187,0.4485435633501287,0.5441039724931341,1.5430443526587807,0.7736394865304647,1.0,1.2263605134695355,2.2676171164579717,0.41181249247803586,0.7020925225244058,1.588187507521964
Dimeth3,5816,798.1660935350757,699.0,1542484,50.248132605398,0.3168441293394291,0.3862783797279441,5.605070725911372,1.5072590895257871,0.7379043866959618,0.49274091047421276,1.2620956133040382,1.6267245572203044,0.4673001411675386,1.1501239664519496,0.7558513351602074,1.368421052631579,1.023346821697485,0.37592545958196927,1.0116068227219177,0.45719997940656587,0.5906969161332395,1.0,1.9521031044601946,1.3086001194685264,0.6291896235078053,0.6913998805314735,1.3708103764921946,1.2403401462031927,0.31478442488438013,0.8491720125317023,1.595703416380725,1.0879879123646437,1.1222362125409218,0.33633845378997734,1.709090909090909,0.6736334722743526,0.30967385077339443,0.6139744374864187,1.3996562691373144,1.5361740345274923,0.5610352501579801,0.4638259654725077,1.43896474984202,1.3953798929826677,0.47814676397763206,0.6667717674552317,1.4597015755844687,1.650478329260692,0.7834113235919707,0.52274908241905,1.0433612647282873,1.43230953474342,0.4578549753730067,0.7933583655240102,1.3164771243595632,0.6102449888641426,1.3897550111358574,1.4237975720944527,0.46314603288429035,0.5284843517901961,1.549618398811658,0.7528554875020692,1.0,1.2471445124979308,2.2820963631694355,0.42516953610372626,0.7209656071590842,1.5748304638962738
Dimeth4,5447,826.3449605287315,741.0,1499177,55.84467637374951,0.40036033103496116,0.4162008361954109,5.6849249114318905,1.349675149658127,0.5971391259452729,0.650324850341873,1.402860874054727,1.3094824766649056,0.7818954889677209,1.0748987344956853,0.8337232998716885,1.2131974469837348,0.8976510067114094,1.117253448630842,1.012196695921528,0.6246204756980351,1.0659276111685625,1.0,1.3094519131334024,1.2677496875901182,0.45068569737231556,0.7322503124098818,1.5493143026276843,1.19015098379416,0.487061168740079,1.1239986710472887,1.1987891764184724,0.6552398599958822,0.8212888614371011,0.8157298744080709,1.377290508544369,0.503976387636304,0.4231778306140854,0.8392227596950069,1.3285644010822333,1.4900008147819552,0.4872104279103072,0.5099991852180447,1.5127895720896927,1.3044742367953481,0.945167083147263,0.699497372846732,1.0508613072106567,1.273859153876353,0.8479183414032267,0.7982651287132415,1.0799573760071788,0.9495326372542316,0.9371868376585957,0.8937421251574968,1.2195383999296758,0.5255987695012085,1.4744012304987915,1.3128549303045947,1.1088022715539494,0.7410299432111512,0.927465152297367,0.8541703716877111,1.0,1.1458296283122889,1.5623104041977536,0.8437559594537106,1.3427482167746168,1.1562440405462893
Dimeth7,5089,827.4541167223423,726.0,1399933,50.27502802436953,0.3215189584072952,0.3907550712268168,5.604826533176842,1.5130354748994577,0.7628057615273162,0.4869645251005422,1.237194238472684,1.6098808816309655,0.4561639234128317,1.2140771556290535,0.7198780393271492,1.2863059701492536,1.07051151416344,0.34253731343283583,0.9581550166428912,0.4090555155010815,0.5990194664744052,1.0,1.9919250180245134,1.286436454254183,0.6535280884636101,0.713563545745817,1.34647191153639,1.2215387139107612,0.29371719160104987,0.9052657480314961,1.5794783464566928,1.0915298507462687,1.203917910447761,0.3302238805970149,1.7454850746268658,0.667533017455995,0.3026435866922678,0.6445357844246676,1.41365086549904,1.5405391946937028,0.5777175141242938,0.45946080530629724,1.4222824858757062,1.3887512067918744,0.46838454112050004,0.6958685417972987,1.4469957102903268,1.643845609217104,0.8148640820442404,0.5096440601600549,1.0316462485786007,1.43892868994866,0.45401838874031275,0.8048490054073048,1.3022039159037226,0.6287490782996871,1.3712509217003128,1.432715168806467,0.44881461857210786,0.5474492221995788,1.5423544596155152,0.7838643562511646,1.0,1.2161356437488355,2.26524935571244,0.4206257790681162,0.7063873902155899,1.5793742209318837
Dimeth8,5542,807.0909418982317,714.0,1486547,55.80446265513189,0.3991020801898628,0.413584660325364,5.68388979791694,1.350367452079703,0.5992360022524237,0.649632547920297,1.4007639977475763,1.3058243750478769,0.7800730281132702,1.0730536475755177,0.8410489492633353,1.2270760354419947,0.8918708505438896,1.12147125489388,1.0084556994874678,0.6284376536061518,1.064599978338929,1.0,1.3069623680549192,1.2716517166718218,0.4510689151507104,0.7283482833281781,1.5489310848492897,1.194574895743322,0.4774392305669309,1.1177818687305106,1.2102040049592366,0.6595920049453946,0.8105295693385535,0.8108386565011333,1.3704924788790438,0.5073945163642367,0.4217969706558076,0.8283646769112245,1.3170218327394791,1.4912056634068018,0.4883599232492922,0.5087943365931981,1.5116400767507079,1.3066979567692323,0.9387806557345255,0.6969676399569438,1.0575537475392984,1.2739402256785606,0.8477050930161635,0.7904849039341263,1.0878697773711496,0.9487133843628236,0.9344725963725549,0.8878340157044246,1.228980003560197,0.5247473126905182,1.4752526873094818,1.3140286758504358,1.1014900196795052,0.7439501740879306,0.9402045803507709,0.8549454480414953,1.0,1.1450545519585047,1.5829355198173038,0.838135195399601,1.342486483511948,1.161864804600399
Dimeth9,5608,811.2539229671897,718.5,1512870,50.17537833692095,0.31658437274848467,0.38740726477916754,5.603420422174549,1.5123373586774131,0.7435965143913388,0.48766264132258685,1.2564034856086612,1.6284590684417506,0.45935707327632863,1.1563059975225793,0.7558778607593415,1.3491485654146753,1.037328465315372,0.37659805731440105,0.9979856477401485,0.44531229384911736,0.5877773966277015,1.0,1.9669103095231812,1.3074652462855163,0.6337261748872399,0.6925347537144836,1.36627382511276,1.243829383886256,0.3056682464454976,0.8569478672985782,1.5935545023696682,1.088594054622936,1.1364193164369145,0.3370542261175618,1.7121857800935112,0.6762093192279738,0.30311717677461036,0.6207300331099087,1.4036582411370426,1.5373840830449828,0.5578788048657436,0.4626159169550173,1.4421211951342563,1.3983892114628207,0.47559468065180743,0.668102640943997,1.4579134669413747,1.6551103286854583,0.7908056094584592,0.5183347670394303,1.0357492948166522,1.447166361974406,0.45023765996343695,0.7929798903107861,1.3096160877513712,0.6117862371888726,1.3882137628111273,1.425720760417978,0.45983885181921186,0.5277602920810777,1.5513659826262118,0.7473746114424935,1.0,1.2526253885575065,2.280545909714932,0.41964324781587736,0.7157393200355325,1.5803567521841226
Mal1,5287,968.7185549460942,840.0,1705236,38.55077709955882,0.780527739268934,0.6241171974074584,5.409871674548338,0.5411330005506901,1.5892151949483813,1.4588669994493098,0.41078480505161874,0.2676576241793633,2.677071720549981,0.6973863495602626,0.35788430571039265,0.07356059661065274,2.557462320218088,0.18881978723025108,0.5528039189062157,0.11437155214835151,2.2781072751288494,1.0,0.6075211727227992,0.4548144264259766,1.3366813981518681,1.5451855735740234,0.6633186018481317,0.557246411598099,0.918150832893284,2.0484854303682014,0.4761173251404157,0.25682057130637775,3.382985548051393,0.9179571252918011,1.1798563715095247,0.11612152900304668,0.7297704308583868,3.892307768770843,0.3358995641218073,0.9700664027315193,1.4079250447884095,1.0299335972684807,0.5920749552115905,0.47637094458799883,2.104016913319239,1.0134627933077545,0.4061493487850077,0.11732673267326732,2.4863133372160746,0.5895165987186954,0.8068433313919627,0.41784128835747386,1.1430284177440784,2.0796150481189852,0.35951524577946276,1.4572456201415478,0.5427543798584522,0.28044411485152654,0.8770537178429304,1.498417605832402,0.23381832234883695,1.6374183374633926,1.0,0.36258166253660734,0.05758363443885032,1.6122940807500579,0.8683170728070655,0.38770591924994224
Mal2,6112,970.5554646596859,825.0,1972248,37.93692986515401,0.7965428282852867,0.6271549308121075,5.378138663371681,0.5186448490435585,1.537392252393445,1.4813551509564415,0.46260774760655515,0.17562173779551735,2.8950831176806,0.5420851791745251,0.3872099653493574,0.0840073500541831,2.585490121233746,0.16989932938608202,0.5786857631253578,0.0812968233716099,2.327313769751693,1.0,0.591389406876697,0.4767992520477226,1.331582929108629,1.5232007479522773,0.6684170708913711,0.3930483184528344,1.243745619648353,1.9605285878254157,0.40267747407339693,0.28839539522246477,3.1574136604212146,1.239002402902329,1.0612818620137263,0.08600339387844887,0.8001005593614481,4.0491232480673744,0.2115517566463453,0.9764800398925119,1.3516145566376216,1.0235199601074882,0.6483854433623782,0.30641925313658597,2.3347479174178756,1.0124353960373154,0.3463974334082231,0.19927067857763028,2.489134139831626,0.6330046884948581,0.6785904930958858,0.2666131000208315,1.230872243549683,2.2028687914769516,0.299645864952534,1.4182182182182181,0.5817817817817817,0.22260208611662005,1.2553044950253505,1.1591141057662786,0.1988034287326468,1.6101451291324709,1.0,0.38985487086752907,0.04980202375714914,1.5369746710060845,0.8034190182892339,0.4630253289939154
Mal3,5270,971.1330170777989,843.0,1704259,38.56324495542721,0.7803614356738031,0.6240532440149429,5.410075596859479,0.5417878680383115,1.588948192142542,1.4582121319616885,0.41105180785745815,0.2667330305481242,2.678927393765943,0.69577552417097,0.35856405151496296,0.07293922622389776,2.555007384596047,0.1864656025239967,0.5538132797033593,0.11557281553398058,2.2763106796116506,1.0,0.608116504854369,0.454712201939034,1.335736998923358,1.545287798060966,0.6642630010766418,0.5560939247111443,0.9193848965409448,2.0478761136426487,0.4766450651052625,0.2562498328921687,3.385150129675677,0.917087778401647,1.1821074302826127,0.11653380514084646,0.7300061626543148,3.8905234280261616,0.33698785360714073,0.9695936048214958,1.408032226834181,1.030406395178504,0.5919677731658191,0.475449658609467,2.103550774985242,1.0139638392460677,0.4070357271592233,0.11738971928545389,2.4832081662413414,0.5917025154939847,0.8076995989792198,0.41824509032504037,1.1438305604451764,2.0778896306691435,0.36003471856063984,1.4571991196571297,0.5428008803428703,0.27822643999622915,0.8789240486440625,1.4990415737045533,0.23498727335574898,1.635963427023366,1.0,0.36403657297663394,0.058087986799992046,1.6113531353135313,0.8678607637715444,0.38864686468646864
Mal4,5302,961.7235005658242,831.0,1693232,38.69227053655941,0.7796964621504909,0.6224502643429434,5.417471925184853,0.542222698608357,1.5896668217587442,1.457777301391643,0.4103331782412558,0.2732325670640373,2.663349054852007,0.7016996570975849,0.36171872098637053,0.08195830847454609,2.532891652864152,0.21039883883491686,0.5493921685052658,0.11686679149916851,2.2762115518076707,1.0,0.6069216566931608,0.45425365212556235,1.336573019488737,1.5457463478744375,0.6634269805112629,0.5646427244730441,0.9178559873458676,2.0366921906268347,0.4808090975542534,0.2630786903055182,3.352436754792923,0.9242482257504385,1.1678791818416576,0.11702111579679257,0.7305733157998155,3.8858507534878095,0.3381248205081697,0.9695287913583397,1.4075346335510408,1.0304712086416603,0.5924653664489593,0.47921806694617897,2.097773195225495,1.0153135570483922,0.40769518077993405,0.12019566736547868,2.4809150759498326,0.5925337452646291,0.8063555114200596,0.41923212225830997,1.1434882560356041,2.0760351132672845,0.3612445084388013,1.4595127909981442,0.5404872090018558,0.2969467795868621,0.8754023563236352,1.5066720835026095,0.23869495921747555,1.6309987029831388,1.0,0.36900129701686124,0.058344291781919314,1.6103562247521117,0.8700857026254931,0.38964377524788835
Mal5,5264,963.1350683890578,831.0,1684201,38.85244174453283,0.7783043710340987,0.6225255392417627,5.423373839352602,0.5431929622151717,1.5866950331396776,1.4568070377848283,0.4133049668603224,0.2864665876333687,2.64159231297186,0.7086042303612654,0.363336869033506,0.08983985765124555,2.51895754343569,0.22211743772241993,0.5537894254406066,0.11955089346897897,2.2708739655263295,1.0,0.6095751410046913,0.4569477359019443,1.3342994432156206,1.5430522640980557,0.6657005567843796,0.5736469404138559,0.9175762949472196,2.0264800680573694,0.482296696581555,0.26669039145907475,3.3306405693950176,0.9257295373665481,1.164982206405694,0.11843626407058108,0.7313051414663827,3.875509583206571,0.3405232735016733,0.9710797880328678,1.4063077238831498,1.0289202119671321,0.5936922761168503,0.4836947053326787,2.0896751611523783,1.0156849701980286,0.41094516331691455,0.12213287879349316,2.474999073628043,0.5963167450994924,0.8065513024789713,0.4223149629678505,1.1380169242696667,2.076142718110288,0.3635253946521947,1.456427791233319,0.5435722087666809,0.3070497062622391,0.8755260197491771,1.502249906253906,0.2424273988583809,1.627152881139698,1.0,0.3728471188603019,0.05993306966839063,1.609158607675978,0.8742926680864009,0.390841392324022
Mal6,5071,967.112798264642,846.0,1629373,38.313086308176665,0.7838137737645094,0.6251716630687515,5.40331106790102,0.532555294117647,1.5991404072427073,1.467444705882353,0.4008595927572927,0.2692731491684059,2.6861461479628215,0.6922907403326376,0.35228996253613515,0.07173997020032007,2.5557368489753296,0.19932674797196623,0.5471217856676674,0.11231879098164296,2.2835005680962617,1.0,0.6041806409220956,0.4462319957168414,1.3466462932715106,1.5537680042831585,0.6533537067284894,0.553978153323497,0.9177091986658896,2.0663831475580574,0.461929500452556,0.24562662104740357,3.387561392859114,0.9220241708514982,1.173721097069698,0.10974182372433453,0.7152257936982724,3.933008380454969,0.3212039556163614,0.9727756383144491,1.4199537058906893,1.0272243616855508,0.5800462941093107,0.4708002844780317,2.116711998566752,1.0183879216273881,0.39409979532782835,0.1069909186034966,2.501516112031896,0.5915051899149908,0.799987779449617,0.4154987633965375,1.130128079822541,2.106968324253576,0.3474048325273455,1.4630638590291072,0.5369361409708928,0.2859287299308184,0.8677065657224905,1.5189270330244093,0.2245790366792847,1.6302707501109632,1.0,0.3697292498890368,0.05708697258015013,1.6155454862321366,0.8637330739259128,0.3844545137678634
Mal7,5076,962.1554373522458,837.0,1622395,38.3121802557961,0.7837924796365866,0.6249473525364253,5.4040284317973635,0.5324400030282384,1.6021911034379863,1.4675599969717616,0.3978088965620138,0.2675453389720572,2.68956749604338,0.6878551228498041,0.3550320421347586,0.0753539140632936,2.551137849856134,0.20545023040197988,0.5454486005754643,0.11324099266221453,2.283865116662544,1.0,0.6028938906752411,0.4470102984447247,1.347356723289411,1.5529897015552754,0.652643276710589,0.5586912371198246,0.9169812731282473,2.0628216150213685,0.4615058747305598,0.24512184986471386,3.382171781067329,0.9192623442824295,1.1726398803202542,0.11036358880460372,0.712968872613131,3.937870782108292,0.31919434998692126,0.9730679681203546,1.4218079176451055,1.0269320318796453,0.5781920823548946,0.4708603094779673,2.114966101417577,1.0190628391903611,0.3951107499140945,0.10789968892814625,2.5018165060102153,0.5893313875340835,0.8009524175275549,0.41668943844787537,1.1345129115999453,2.1024388577674546,0.3463587921847247,1.4644246393224678,0.5355753606775321,0.2898247449646874,0.8674470311273869,1.5222992414334293,0.22384253204289825,1.6304662289974408,1.0,0.36953377100255924,0.05703374313366466,1.6162806968446093,0.8625686633533874,0.38371930315539077
Mal8,5113,956.9759436729904,828.0,1622038,38.423040523477596,0.7831259193681036,0.6236696860710507,5.409812441108022,0.5336910925513019,1.6000512043694395,1.4663089074486981,0.39994879563056046,0.271283526634242,2.6756286042341286,0.6973281901100461,0.35575967902158345,0.07974997701994668,2.5394405881273414,0.22424855225664123,0.5455075405093217,0.11577306217058969,2.2840034217279728,1.0,0.6002235161014376,0.44765734543241886,1.3474826458150482,1.5523426545675811,0.6525173541849517,0.5626626353745879,0.9191345939381924,2.0547693985279176,0.46343337215930214,0.25033550877838034,3.3577167019027483,0.9199926463829396,1.1679566136593438,0.11133135985782563,0.7157511738323458,3.9307636088312154,0.3226054083043709,0.9747340425531915,1.41919011143723,1.0252659574468086,0.5808098885627699,0.47391885623857466,2.1091484543395813,1.020828899620747,0.39610378980109684,0.10927114150689668,2.49691474238291,0.5902485880047643,0.803565528105429,0.41605508122596835,1.1334126895772139,2.1019242461870467,0.3486079830097711,1.4642230839528738,0.5357769160471262,0.29451707274945216,0.8635367525611823,1.530750380533935,0.2262476655187676,1.6274204795365552,1.0,0.3725795204634447,0.05672252338463318,1.6153522312657873,0.8628259257896093,0.38464776873421275
