strain,group,method,trunc_idx,trunc_time,n_points,fit_success,r_squared,rmse,gompertz_A,gompertz_mu,gompertz_lambda,a_err_pct,mu_err_pct
FlupyradifuroneANDLB-FLUPC8,Group1,first_peak,51,12.74955638888889,52,True,0.9796219346938827,0.08613158471382625,1.4088237132213988,0.7947820218687242,3.4705762554100166,1.2585603906529252,10.065087432026798
FlupyradifuroneANDLB-FLUPC8,Group1,stationary_phase,56,13.999524166666664,57,True,0.9789366344524303,0.08712046058891744,1.4317135792637237,0.7165868520361226,3.3850702397641683,1.165250742636416,9.404428133903751
FlupyradifuroneANDLB-FLUPC8,Group1,adaptive_r2,56,13.999524166666664,57,True,0.9789366344524303,0.08712046058891744,1.4317135792637237,0.7165868520361226,3.3850702397641683,1.165250742636416,9.404428133903751
FlupyradifuroneANDLB-FLUPC8,Group1,gp_derivative,20,4.999768055555556,21,True,0.9518350995143744,0.0788362285029681,1.594820248983499,1.0449434421949635,3.6716802770026002,22.6870855148201,14.43179980256675
FlupyradifuroneANDLB-FLUPC8,Group1,changepoint,35,8.749665833333333,36,True,0.986201638763212,0.06777498925080387,1.293876587509715,1.2372141410084923,3.74714210888964,1.5120255975700216,11.431534398950784
FlupyradifuroneANDLB-FLUPC8,Group1,consensus,51,12.74955638888889,52,True,0.9796219346938827,0.08613158471382625,1.4088237132213988,0.7947820218687242,3.4705762554100166,1.2585603906529252,10.065087432026798
BifenthrinANDLB-BIF2,Group1,first_peak,64,15.999469722222225,65,True,0.9850332019328568,0.061349002441302376,1.5817749133832697,0.17404793238587615,0.4939777431945473,1.47065463327905,3.6505086239523017
BifenthrinANDLB-BIF2,Group1,stationary_phase,78,19.49937138888889,79,True,0.9875706124251922,0.05650083687887255,1.6080471645708794,0.1703185423044648,0.4381482484846397,0.9337944283923167,3.019044466149592
BifenthrinANDLB-BIF2,Group1,adaptive_r2,78,19.49937138888889,79,True,0.9875706124251922,0.05650083687887255,1.6080471645708794,0.1703185423044648,0.4381482484846397,0.9337944283923167,3.019044466149592
BifenthrinANDLB-BIF2,Group1,gp_derivative,71,17.749419444444445,72,True,0.986476337631325,0.058859717761882785,1.5985182602494863,0.17175979429452615,0.46069618891806763,1.1559738816080363,3.297650889943732
BifenthrinANDLB-BIF2,Group1,changepoint,40,9.999631944444443,41,True,0.9823014498280476,0.056883643517765314,1.2800852330282086,0.21367173145500323,0.8649226912291437,2.6457949441675495,5.327923475126852
BifenthrinANDLB-BIF2,Group1,consensus,71,17.749419444444445,72,True,0.986476337631325,0.058859717761882785,1.5985182602494863,0.17175979429452615,0.46069618891806763,1.1559738816080363,3.297650889943732
BifenthrinANDLB-BiF7,Group1,first_peak,61,15.249488611111111,62,True,0.9843641233366477,0.06418738432958365,1.5885915608454775,0.20108545235588401,0.5385934723017194,1.3674571851747093,3.899789498005319
BifenthrinANDLB-BiF7,Group1,stationary_phase,71,17.749419444444445,72,True,0.9860455509978231,0.06090479192903263,1.6151452925864123,0.1961502821852657,0.4811576059829423,1.0015195461989093,3.405711093507839
BifenthrinANDLB-BiF7,Group1,adaptive_r2,71,17.749419444444445,72,True,0.9860455509978231,0.06090479192903263,1.6151452925864123,0.1961502821852657,0.4811576059829423,1.0015195461989093,3.405711093507839
BifenthrinANDLB-BiF7,Group1,gp_derivative,65,16.24946027777778,66,True,0.9851004430634281,0.0629000951416327,1.6017153270891313,0.19871244562323362,0.5118193934012905,1.2006507862499731,3.682344288747964
BifenthrinANDLB-BiF7,Group1,changepoint,35,8.749665833333333,36,True,0.9882582717228043,0.04720001812535096,1.2350627021683007,0.27266156456691404,1.0258176538970591,2.0316629889426605,4.993865397405622
BifenthrinANDLB-BiF7,Group1,consensus,65,16.24946027777778,66,True,0.9851004430634281,0.0629000951416327,1.6017153270891313,0.19871244562323362,0.5118193934012905,1.2006507862499731,3.682344288747964
BifenthrinANDLB-BIF6,Group1,first_peak,72,17.999411388888888,73,True,0.9859863982369483,0.05765792740673591,1.5760867852346752,0.16204933964272705,0.2103853752224918,1.1654030889057074,3.276160518257054
BifenthrinANDLB-BIF6,Group1,stationary_phase,87,21.74930888888889,88,True,0.9873549073113301,0.05528394244570787,1.6170339878352924,0.1558684168199078,0.09309609000548782,0.8204710246258474,2.819451091160767
BifenthrinANDLB-BIF6,Group1,adaptive_r2,87,21.74930888888889,88,True,0.9873549073113301,0.05528394244570787,1.6170339878352924,0.1558684168199078,0.09309609000548782,0.8204710246258474,2.819451091160767
BifenthrinANDLB-BIF6,Group1,gp_derivative,78,19.49937138888889,79,True,0.9865765998534427,0.05681503238745833,1.596218290533075,0.15910550285213074,0.15697762709560684,1.0061531011156093,3.0744607156092347
BifenthrinANDLB-BIF6,Group1,changepoint,40,9.999631944444443,41,True,0.9846831867459728,0.05101792473674096,1.2608955772564443,0.2059943765728491,0.7010872680033037,2.4126484401099724,4.839965776180109
BifenthrinANDLB-BIF6,Group1,consensus,78,19.49937138888889,79,True,0.9865765998534427,0.05681503238745833,1.596218290533075,0.15910550285213074,0.15697762709560684,1.0061531011156093,3.0744607156092347
BifenthrinANDLB-BIF9,Group1,first_peak,64,15.999469722222225,65,True,0.984780835073819,0.0615796478680352,1.5917349571108583,0.17195829625410539,0.39680648900458065,1.4960132185152064,3.6508271736416424
BifenthrinANDLB-BIF9,Group1,stationary_phase,76,18.999383611111114,77,True,0.98716551935457,0.057146891409287026,1.61239845940637,0.1691513252521153,0.3538787596634243,0.9959495234559732,3.0845749137480283
BifenthrinANDLB-BIF9,Group1,adaptive_r2,76,18.999383611111114,77,True,0.98716551935457,0.057146891409287026,1.61239845940637,0.1691513252521153,0.3538787596634243,0.9959495234559732,3.0845749137480283
BifenthrinANDLB-BIF9,Group1,gp_derivative,71,17.749419444444445,72,True,0.9863123057595817,0.0589368476573482,1.606469823462918,0.17001377313793398,0.3676456144798403,1.1680189248103352,3.292475318786039
BifenthrinANDLB-BIF9,Group1,changepoint,35,8.749665833333333,36,True,0.984934821004969,0.04867224950258328,1.1532835173199885,0.23513477166415717,0.9171351580659244,2.4919614192402872,5.467878106013162
BifenthrinANDLB-BIF9,Group1,consensus,71,17.749419444444445,72,True,0.9863123057595817,0.0589368476573482,1.606469823462918,0.17001377313793398,0.3676456144798403,1.1680189248103352,3.292475318786039
LambdaCyhalothrinANDLB-LCY4,Group1,first_peak,73,18.249405277777775,74,True,0.9966234871959556,0.02616542959668087,1.2606997784649001,0.13276382937543663,2.9925706577992526,0.8623972510800982,1.8836778978540545
LambdaCyhalothrinANDLB-LCY4,Group1,stationary_phase,91,22.749285277777776,92,True,0.9973033242034163,0.024168722654532335,1.2793090889474146,0.1306481365434943,2.9534039225538935,0.48509278524358723,1.5318460981354662
LambdaCyhalothrinANDLB-LCY4,Group1,adaptive_r2,91,22.749285277777776,92,True,0.9973033242034163,0.024168722654532335,1.2793090889474146,0.1306481365434943,2.9534039225538935,0.48509278524358723,1.5318460981354662
LambdaCyhalothrinANDLB-LCY4,Group1,gp_derivative,77,19.249378055555557,78,True,0.9967879346917995,0.025861219402326552,1.268829956291277,0.13190813861942471,2.9775406266800792,0.7513413867107451,1.7951026878880296
LambdaCyhalothrinANDLB-LCY4,Group1,changepoint,35,8.749665833333333,36,True,0.9977537444618422,0.012584505213515954,0.8489052247792176,0.1608776965530888,3.2254008446518942,2.4555675783364976,2.1912548630322273
LambdaCyhalothrinANDLB-LCY4,Group1,consensus,77,19.249378055555557,78,True,0.9967879346917995,0.025861219402326552,1.268829956291277,0.13190813861942471,2.9775406266800792,0.7513413867107451,1.7951026878880296
LB-BIF2,Group1,first_peak,64,15.999469722222225,65,True,0.9850332019328568,0.061349002441302376,1.5817749133832697,0.17404793238587615,0.4939777431945473,1.47065463327905,3.6505086239523017
LB-BIF2,Group1,stationary_phase,78,19.49937138888889,79,True,0.9875706124251922,0.05650083687887255,1.6080471645708794,0.1703185423044648,0.4381482484846397,0.9337944283923167,3.019044466149592
LB-BIF2,Group1,adaptive_r2,78,19.49937138888889,79,True,0.9875706124251922,0.05650083687887255,1.6080471645708794,0.1703185423044648,0.4381482484846397,0.9337944283923167,3.019044466149592
LB-BIF2,Group1,gp_derivative,71,17.749419444444445,72,True,0.986476337631325,0.058859717761882785,1.5985182602494863,0.17175979429452615,0.46069618891806763,1.1559738816080363,3.297650889943732
LB-BIF2,Group1,changepoint,40,9.999631944444443,41,True,0.9823014498280476,0.056883643517765314,1.2800852330282086,0.21367173145500323,0.8649226912291437,2.6457949441675495,5.327923475126852
LB-BIF2,Group1,consensus,71,17.749419444444445,72,True,0.986476337631325,0.058859717761882785,1.5985182602494863,0.17175979429452615,0.46069618891806763,1.1559738816080363,3.297650889943732
LB-BiF7,Group1,first_peak,61,15.249488611111111,62,True,0.9843641233366477,0.06418738432958365,1.5885915608454775,0.20108545235588401,0.5385934723017194,1.3674571851747093,3.899789498005319
LB-BiF7,Group1,stationary_phase,71,17.749419444444445,72,True,0.9860455509978231,0.06090479192903263,1.6151452925864123,0.1961502821852657,0.4811576059829423,1.0015195461989093,3.405711093507839
LB-BiF7,Group1,adaptive_r2,71,17.749419444444445,72,True,0.9860455509978231,0.06090479192903263,1.6151452925864123,0.1961502821852657,0.4811576059829423,1.0015195461989093,3.405711093507839
LB-BiF7,Group1,gp_derivative,65,16.24946027777778,66,True,0.9851004430634281,0.0629000951416327,1.6017153270891313,0.19871244562323362,0.5118193934012905,1.2006507862499731,3.682344288747964
LB-BiF7,Group1,changepoint,35,8.749665833333333,36,True,0.9882582717228043,0.04720001812535096,1.2350627021683007,0.27266156456691404,1.0258176538970591,2.0316629889426605,4.993865397405622
LB-BiF7,Group1,consensus,65,16.24946027777778,66,True,0.9851004430634281,0.0629000951416327,1.6017153270891313,0.19871244562323362,0.5118193934012905,1.2006507862499731,3.682344288747964
LB-LCY4,Group1,first_peak,73,18.249405277777775,74,True,0.9966234871959556,0.02616542959668087,1.2606997784649001,0.13276382937543663,2.9925706577992526,0.8623972510800982,1.8836778978540545
LB-LCY4,Group1,stationary_phase,91,22.749285277777776,92,True,0.9973033242034163,0.024168722654532335,1.2793090889474146,0.1306481365434943,2.9534039225538935,0.48509278524358723,1.5318460981354662
LB-LCY4,Group1,adaptive_r2,91,22.749285277777776,92,True,0.9973033242034163,0.024168722654532335,1.2793090889474146,0.1306481365434943,2.9534039225538935,0.48509278524358723,1.5318460981354662
LB-LCY4,Group1,gp_derivative,77,19.249378055555557,78,True,0.9967879346917995,0.025861219402326552,1.268829956291277,0.13190813861942471,2.9775406266800792,0.7513413867107451,1.7951026878880296
LB-LCY4,Group1,changepoint,35,8.749665833333333,36,True,0.9977537444618422,0.012584505213515954,0.8489052247792176,0.1608776965530888,3.2254008446518942,2.4555675783364976,2.1912548630322273
LB-LCY4,Group1,consensus,77,19.249378055555557,78,True,0.9967879346917995,0.025861219402326552,1.268829956291277,0.13190813861942471,2.9775406266800792,0.7513413867107451,1.7951026878880296
LB-BIF6,Group1,first_peak,72,17.999411388888888,73,True,0.9859863982369483,0.05765792740673591,1.5760867852346752,0.16204933964272705,0.2103853752224918,1.1654030889057074,3.276160518257054
LB-BIF6,Group1,stationary_phase,87,21.74930888888889,88,True,0.9873549073113301,0.05528394244570787,1.6170339878352924,0.1558684168199078,0.09309609000548782,0.8204710246258474,2.819451091160767
LB-BIF6,Group1,adaptive_r2,87,21.74930888888889,88,True,0.9873549073113301,0.05528394244570787,1.6170339878352924,0.1558684168199078,0.09309609000548782,0.8204710246258474,2.819451091160767
LB-BIF6,Group1,gp_derivative,78,19.49937138888889,79,True,0.9865765998534427,0.05681503238745833,1.596218290533075,0.15910550285213074,0.15697762709560684,1.0061531011156093,3.0744607156092347
LB-BIF6,Group1,changepoint,40,9.999631944444443,41,True,0.9846831867459728,0.05101792473674096,1.2608955772564443,0.2059943765728491,0.7010872680033037,2.4126484401099724,4.839965776180109
LB-BIF6,Group1,consensus,78,19.49937138888889,79,True,0.9865765998534427,0.05681503238745833,1.596218290533075,0.15910550285213074,0.15697762709560684,1.0061531011156093,3.0744607156092347
LB-BIF9,Group1,first_peak,64,15.999469722222225,65,True,0.984780835073819,0.0615796478680352,1.5917349571108583,0.17195829625410539,0.39680648900458065,1.4960132185152064,3.6508271736416424
LB-BIF9,Group1,stationary_phase,76,18.999383611111114,77,True,0.98716551935457,0.057146891409287026,1.61239845940637,0.1691513252521153,0.3538787596634243,0.9959495234559732,3.0845749137480283
LB-BIF9,Group1,adaptive_r2,76,18.999383611111114,77,True,0.98716551935457,0.057146891409287026,1.61239845940637,0.1691513252521153,0.3538787596634243,0.9959495234559732,3.0845749137480283
LB-BIF9,Group1,gp_derivative,71,17.749419444444445,72,True,0.9863123057595817,0.0589368476573482,1.606469823462918,0.17001377313793398,0.3676456144798403,1.1680189248103352,3.292475318786039
LB-BIF9,Group1,changepoint,35,8.749665833333333,36,True,0.984934821004969,0.04867224950258328,1.1532835173199885,0.23513477166415717,0.9171351580659244,2.4919614192402872,5.467878106013162
LB-BIF9,Group1,consensus,71,17.749419444444445,72,True,0.9863123057595817,0.0589368476573482,1.606469823462918,0.17001377313793398,0.3676456144798403,1.1680189248103352,3.292475318786039
LB-FLUPC8,Group1,first_peak,51,12.74955638888889,52,True,0.9796219346938827,0.08613158471382625,1.4088237132213988,0.7947820218687242,3.4705762554100166,1.2585603906529252,10.065087432026798
LB-FLUPC8,Group1,stationary_phase,56,13.999524166666664,57,True,0.9789366344524303,0.08712046058891744,1.4317135792637237,0.7165868520361226,3.3850702397641683,1.165250742636416,9.404428133903751
LB-FLUPC8,Group1,adaptive_r2,56,13.999524166666664,57,True,0.9789366344524303,0.08712046058891744,1.4317135792637237,0.7165868520361226,3.3850702397641683,1.165250742636416,9.404428133903751
LB-FLUPC8,Group1,gp_derivative,20,4.999768055555556,21,True,0.9518350995143744,0.0788362285029681,1.594820248983499,1.0449434421949635,3.6716802770026002,22.6870855148201,14.43179980256675
LB-FLUPC8,Group1,changepoint,35,8.749665833333333,36,True,0.986201638763212,0.06777498925080387,1.293876587509715,1.2372141410084923,3.74714210888964,1.5120255975700216,11.431534398950784
LB-FLUPC8,Group1,consensus,51,12.74955638888889,52,True,0.9796219346938827,0.08613158471382625,1.4088237132213988,0.7947820218687242,3.4705762554100166,1.2585603906529252,10.065087432026798
LAMBDACYHALOTHRIN-LCY1,Group2,first_peak,317,79.24781361111111,318,True,0.9985240215014379,0.00022518957166397984,0.03410614199427371,0.12806302602005457,76.7284904822106,0.22582798346404845,2.081097720374725
LAMBDACYHALOTHRIN-LCY1,Group2,stationary_phase,340,84.9976561111111,341,True,0.9925546193030201,0.0009668355697595281,0.03812686110744601,0.10030797837006719,76.71162713344944,0.45724368262212345,7.217151526408197
LAMBDACYHALOTHRIN-LCY1,Group2,adaptive_r2,340,84.9976561111111,341,True,0.9925546193030201,0.0009668355697595281,0.03812686110744601,0.10030797837006719,76.71162713344944,0.45724368262212345,7.217151526408197
LAMBDACYHALOTHRIN-LCY1,Group2,gp_derivative,311,77.74785361111111,312,True,0.9999343517085756,2.932644873842913e-05,0.033279311093749195,0.13370252488682507,76.72922167009055,0.053892655704240754,0.30524889330750943
LAMBDACYHALOTHRIN-LCY1,Group2,changepoint,374,93.49742416666668,375,True,0.9900865281072743,0.0015401790384584535,0.04058383552776372,0.0562333954446046,76.59833821907024,0.4801833310284707,9.29920837507805
LAMBDACYHALOTHRIN-LCY1,Group2,consensus,340,84.9976561111111,341,True,0.9925546193030201,0.0009668355697595281,0.03812686110744601,0.10030797837006719,76.71162713344944,0.45724368262212345,7.217151526408197
LAMBDACYHALOTHRINANDLB-LCY1,Group2,first_peak,79,19.74942805555556,80,True,0.998640365771174,0.0221845687030556,1.60320113433093,0.18339131253169907,3.844155041311689,0.4594349570059473,1.2387666651865958
LAMBDACYHALOTHRINANDLB-LCY1,Group2,stationary_phase,95,23.74932111111111,96,True,0.9986005227135263,0.02303214704181616,1.6311365323897349,0.1789469019405513,3.7803580654921505,0.32696007789743436,1.1536638909657506
LAMBDACYHALOTHRINANDLB-LCY1,Group2,adaptive_r2,95,23.74932111111111,96,True,0.9986005227135263,0.02303214704181616,1.6311365323897349,0.1789469019405513,3.7803580654921505,0.32696007789743436,1.1536638909657506
LAMBDACYHALOTHRINANDLB-LCY1,Group2,gp_derivative,84,20.999398055555556,85,True,0.9986047508648696,0.022734986582140595,1.614926480718225,0.18163392477446663,3.8199766217202367,0.41221066909299575,1.2192155803482383
LAMBDACYHALOTHRINANDLB-LCY1,Group2,changepoint,70,17.499489444444443,71,True,0.9988933120744294,0.019300593909951598,1.56777188048428,0.18814669342899926,3.9037806039870193,0.5268978915310985,1.1849140671178484
LAMBDACYHALOTHRINANDLB-LCY1,Group2,consensus,84,20.999398055555556,85,True,0.9986047508648696,0.022734986582140595,1.614926480718225,0.18163392477446663,3.8199766217202367,0.41221066909299575,1.2192155803482383
MALATHIONANDLB-MAL8,Group2,first_peak,44,10.999669166666669,45,True,0.9987327233081452,0.021246502230480573,1.666545914486046,0.3231580924025391,1.81028830288465,0.5771325411586534,1.518515433752502
MALATHIONANDLB-MAL8,Group2,stationary_phase,51,12.749620833333331,52,True,0.9981487760039115,0.02567709811077,1.6351101797828047,0.33237986419095034,1.8566299763648173,0.4890447751134862,1.7619991830844388
MALATHIONANDLB-MAL8,Group2,adaptive_r2,51,12.749620833333331,52,True,0.9981487760039115,0.02567709811077,1.6351101797828047,0.33237986419095034,1.8566299763648173,0.4890447751134862,1.7619991830844388
MALATHIONANDLB-MAL8,Group2,gp_derivative,42,10.499685833333332,43,True,0.9987113586624824,0.02127997788117283,1.673127369275153,0.3216201275993379,1.8026883124616317,0.6554973154925147,1.5519588528433845
MALATHIONANDLB-MAL8,Group2,changepoint,75,18.74945527777778,76,True,0.9654574517533734,0.09766028386104453,1.492855320457169,0.3878121885090392,2.090584146373379,1.0575527971719287,7.328924675941669
MALATHIONANDLB-MAL8,Group2,consensus,51,12.749620833333331,52,True,0.9981487760039115,0.02567709811077,1.6351101797828047,0.33237986419095034,1.8566299763648173,0.4890447751134862,1.7619991830844388
MALATHIONANDLB-MAL10,Group2,first_peak,52,12.99961361111111,53,True,0.998793142870618,0.01971505974275595,1.5185613179603172,0.25835345938408477,3.36636187727553,0.6546857214113078,1.4937063097978232
MALATHIONANDLB-MAL10,Group2,stationary_phase,60,14.999558333333336,61,True,0.9985031255635024,0.02245762563553498,1.4885208562780392,0.26521710176526425,3.4112417677819367,0.49321794375792705,1.6148892553085894
MALATHIONANDLB-MAL10,Group2,adaptive_r2,60,14.999558333333336,61,True,0.9985031255635024,0.02245762563553498,1.4885208562780392,0.26521710176526425,3.4112417677819367,0.49321794375792705,1.6148892553085894
MALATHIONANDLB-MAL10,Group2,gp_derivative,49,12.24963361111111,50,True,0.9986689270643497,0.02024355802870029,1.5199501051466724,0.25809487604988235,3.3647124744150974,0.8097245138328251,1.591239314773453
MALATHIONANDLB-MAL10,Group2,changepoint,335,83.74769388888888,336,True,-1.402326200171904,0.43203881445611403,4.393699999999998,0.019095548270690377,2.2816732363988556e-15,81.87691946385986,29.63919444335974
MALATHIONANDLB-MAL10,Group2,consensus,60,14.999558333333336,61,True,0.9985031255635024,0.02245762563553498,1.4885208562780392,0.26521710176526425,3.4112417677819367,0.49321794375792705,1.6148892553085894
MALATHIONANDLB-MAL1,Group2,first_peak,52,12.99961361111111,53,True,0.998793142870618,0.01971505974275595,1.5185613179603172,0.25835345938408477,3.36636187727553,0.6546857214113078,1.4937063097978232
MALATHIONANDLB-MAL1,Group2,stationary_phase,60,14.999558333333336,61,True,0.9985031255635024,0.02245762563553498,1.4885208562780392,0.26521710176526425,3.4112417677819367,0.49321794375792705,1.6148892553085894
MALATHIONANDLB-MAL1,Group2,adaptive_r2,60,14.999558333333336,61,True,0.9985031255635024,0.02245762563553498,1.4885208562780392,0.26521710176526425,3.4112417677819367,0.49321794375792705,1.6148892553085894
MALATHIONANDLB-MAL1,Group2,gp_derivative,49,12.24963361111111,50,True,0.9986689270643497,0.02024355802870029,1.5199501051466724,0.25809487604988235,3.3647124744150974,0.8097245138328251,1.591239314773453
MALATHIONANDLB-MAL1,Group2,changepoint,335,83.74769388888888,336,True,-1.402326200171904,0.43203881445611403,4.393699999999998,0.019095548270690377,2.2816732363988556e-15,81.87691946385986,29.63919444335974
MALATHIONANDLB-MAL1,Group2,consensus,60,14.999558333333336,61,True,0.9985031255635024,0.02245762563553498,1.4885208562780392,0.26521710176526425,3.4112417677819367,0.49321794375792705,1.6148892553085894
MALATHIONANDLB-MAL5,Group2,first_peak,47,11.74964861111111,48,True,0.9995728666706648,0.012190289137951974,1.582156591920915,0.2970120304193614,2.7246650990232966,0.3802653674006711,0.920304228154242
MALATHIONANDLB-MAL5,Group2,stationary_phase,54,13.499602222222222,55,True,0.9987535645254236,0.021048653097505893,1.5433324685746859,0.30692081180543485,2.777098143006135,0.4462370794468749,1.529380797400318
MALATHIONANDLB-MAL5,Group2,adaptive_r2,54,13.499602222222222,55,True,0.9987535645254236,0.021048653097505893,1.5433324685746859,0.30692081180543485,2.777098143006135,0.4462370794468749,1.529380797400318
MALATHIONANDLB-MAL5,Group2,gp_derivative,44,10.999669166666669,45,True,0.9996231291418647,0.011242189326325284,1.5938359959077728,0.2947653135231038,2.7131371986431594,0.43199274632303347,0.8759427961929885
MALATHIONANDLB-MAL5,Group2,changepoint,335,83.74769388888888,336,True,-1.9109092746907157,0.45242100830858306,4.562999999978842,0.01882883306056614,4.159647997054945e-12,95.02878778933295,36.025398349220715
MALATHIONANDLB-MAL5,Group2,consensus,54,13.499602222222222,55,True,0.9987535645254236,0.021048653097505893,1.5433324685746859,0.30692081180543485,2.777098143006135,0.4462370794468749,1.529380797400318
MALATHIONANDLB-MAL4,Group2,first_peak,52,12.99961361111111,53,True,0.9986548735089993,0.01936293406579844,1.5181241046248912,0.216769297501577,3.0158965445047117,0.8162856338267424,1.4325652038286083
MALATHIONANDLB-MAL4,Group2,stationary_phase,61,15.24955138888889,62,True,0.9974822948585824,0.027225818261888073,1.4526691020241131,0.22698419795320593,3.106341093025236,0.6703758469406803,1.9375664003682058
MALATHIONANDLB-MAL4,Group2,adaptive_r2,61,15.24955138888889,62,True,0.9974822948585824,0.027225818261888073,1.4526691020241131,0.22698419795320593,3.106341093025236,0.6703758469406803,1.9375664003682058
MALATHIONANDLB-MAL4,Group2,gp_derivative,50,12.499630555555555,51,True,0.9987692311128,0.018248777780998246,1.5361297434490537,0.21491860308843452,3.0005492154036273,0.8968580297244559,1.3647131169927844
MALATHIONANDLB-MAL4,Group2,changepoint,85,21.249388055555556,86,True,0.9586535419030218,0.10018946638665645,1.2819313047144867,0.27237290663257074,3.443168793612307,1.2841731637723774,7.994948492474774
MALATHIONANDLB-MAL4,Group2,consensus,61,15.24955138888889,62,True,0.9974822948585824,0.027225818261888073,1.4526691020241131,0.22698419795320593,3.106341093025236,0.6703758469406803,1.9375664003682058
MALATHION-MAL4,Group2,first_peak,52,12.99961361111111,53,True,0.9986548735089993,0.01936293406579844,1.5181241046248912,0.216769297501577,3.0158965445047117,0.8162856338267424,1.4325652038286083
MALATHION-MAL4,Group2,stationary_phase,61,15.24955138888889,62,True,0.9974822948585824,0.027225818261888073,1.4526691020241131,0.22698419795320593,3.106341093025236,0.6703758469406803,1.9375664003682058
MALATHION-MAL4,Group2,adaptive_r2,61,15.24955138888889,62,True,0.9974822948585824,0.027225818261888073,1.4526691020241131,0.22698419795320593,3.106341093025236,0.6703758469406803,1.9375664003682058
MALATHION-MAL4,Group2,gp_derivative,50,12.499630555555555,51,True,0.9987692311128,0.018248777780998246,1.5361297434490537,0.21491860308843452,3.0005492154036273,0.8968580297244559,1.3647131169927844
MALATHION-MAL4,Group2,changepoint,85,21.249388055555556,86,True,0.9586535419030218,0.10018946638665645,1.2819313047144867,0.27237290663257074,3.443168793612307,1.2841731637723774,7.994948492474774
MALATHION-MAL4,Group2,consensus,61,15.24955138888889,62,True,0.9974822948585824,0.027225818261888073,1.4526691020241131,0.22698419795320593,3.106341093025236,0.6703758469406803,1.9375664003682058
LB-MAL8,Group2,first_peak,44,10.999669166666669,45,True,0.9987327233081452,0.021246502230480573,1.666545914486046,0.3231580924025391,1.81028830288465,0.5771325411586534,1.518515433752502
LB-MAL8,Group2,stationary_phase,51,12.749620833333331,52,True,0.9981487760039115,0.02567709811077,1.6351101797828047,0.33237986419095034,1.8566299763648173,0.4890447751134862,1.7619991830844388
LB-MAL8,Group2,adaptive_r2,51,12.749620833333331,52,True,0.9981487760039115,0.02567709811077,1.6351101797828047,0.33237986419095034,1.8566299763648173,0.4890447751134862,1.7619991830844388
LB-MAL8,Group2,gp_derivative,42,10.499685833333332,43,True,0.9987113586624824,0.02127997788117283,1.673127369275153,0.3216201275993379,1.8026883124616317,0.6554973154925147,1.5519588528433845
LB-MAL8,Group2,changepoint,75,18.74945527777778,76,True,0.9654574517533734,0.09766028386104453,1.492855320457169,0.3878121885090392,2.090584146373379,1.0575527971719287,7.328924675941669
LB-MAL8,Group2,consensus,51,12.749620833333331,52,True,0.9981487760039115,0.02567709811077,1.6351101797828047,0.33237986419095034,1.8566299763648173,0.4890447751134862,1.7619991830844388
LB-MAL10,Group2,first_peak,52,12.99961361111111,53,True,0.998793142870618,0.01971505974275595,1.5185613179603172,0.25835345938408477,3.36636187727553,0.6546857214113078,1.4937063097978232
LB-MAL10,Group2,stationary_phase,60,14.999558333333336,61,True,0.9985031255635024,0.02245762563553498,1.4885208562780392,0.26521710176526425,3.4112417677819367,0.49321794375792705,1.6148892553085894
LB-MAL10,Group2,adaptive_r2,60,14.999558333333336,61,True,0.9985031255635024,0.02245762563553498,1.4885208562780392,0.26521710176526425,3.4112417677819367,0.49321794375792705,1.6148892553085894
LB-MAL10,Group2,gp_derivative,49,12.24963361111111,50,True,0.9986689270643497,0.02024355802870029,1.5199501051466724,0.25809487604988235,3.3647124744150974,0.8097245138328251,1.591239314773453
LB-MAL10,Group2,changepoint,335,83.74769388888888,336,True,-1.402326200171904,0.43203881445611403,4.393699999999998,0.019095548270690377,2.2816732363988556e-15,81.87691946385986,29.63919444335974
LB-MAL10,Group2,consensus,60,14.999558333333336,61,True,0.9985031255635024,0.02245762563553498,1.4885208562780392,0.26521710176526425,3.4112417677819367,0.49321794375792705,1.6148892553085894
LB-MAL1,Group2,first_peak,52,12.99961361111111,53,True,0.998793142870618,0.01971505974275595,1.5185613179603172,0.25835345938408477,3.36636187727553,0.6546857214113078,1.4937063097978232
LB-MAL1,Group2,stationary_phase,60,14.999558333333336,61,True,0.9985031255635024,0.02245762563553498,1.4885208562780392,0.26521710176526425,3.4112417677819367,0.49321794375792705,1.6148892553085894
LB-MAL1,Group2,adaptive_r2,60,14.999558333333336,61,True,0.9985031255635024,0.02245762563553498,1.4885208562780392,0.26521710176526425,3.4112417677819367,0.49321794375792705,1.6148892553085894
LB-MAL1,Group2,gp_derivative,49,12.24963361111111,50,True,0.9986689270643497,0.02024355802870029,1.5199501051466724,0.25809487604988235,3.3647124744150974,0.8097245138328251,1.591239314773453
LB-MAL1,Group2,changepoint,335,83.74769388888888,336,True,-1.402326200171904,0.43203881445611403,4.393699999999998,0.019095548270690377,2.2816732363988556e-15,81.87691946385986,29.63919444335974
LB-MAL1,Group2,consensus,60,14.999558333333336,61,True,0.9985031255635024,0.02245762563553498,1.4885208562780392,0.26521710176526425,3.4112417677819367,0.49321794375792705,1.6148892553085894
LB-MAL5,Group2,first_peak,47,11.74964861111111,48,True,0.9995728666706648,0.012190289137951974,1.582156591920915,0.2970120304193614,2.7246650990232966,0.3802653674006711,0.920304228154242
LB-MAL5,Group2,stationary_phase,54,13.499602222222222,55,True,0.9987535645254236,0.021048653097505893,1.5433324685746859,0.30692081180543485,2.777098143006135,0.4462370794468749,1.529380797400318
LB-MAL5,Group2,adaptive_r2,54,13.499602222222222,55,True,0.9987535645254236,0.021048653097505893,1.5433324685746859,0.30692081180543485,2.777098143006135,0.4462370794468749,1.529380797400318
LB-MAL5,Group2,gp_derivative,44,10.999669166666669,45,True,0.9996231291418647,0.011242189326325284,1.5938359959077728,0.2947653135231038,2.7131371986431594,0.43199274632303347,0.8759427961929885
LB-MAL5,Group2,changepoint,335,83.74769388888888,336,True,-1.9109092746907157,0.45242100830858306,4.562999999978842,0.01882883306056614,4.159647997054945e-12,95.02878778933295,36.025398349220715
LB-MAL5,Group2,consensus,54,13.499602222222222,55,True,0.9987535645254236,0.021048653097505893,1.5433324685746859,0.30692081180543485,2.777098143006135,0.4462370794468749,1.529380797400318
LB-MAL4,Group2,first_peak,52,12.99961361111111,53,True,0.9986548735089993,0.01936293406579844,1.5181241046248912,0.216769297501577,3.0158965445047117,0.8162856338267424,1.4325652038286083
LB-MAL4,Group2,stationary_phase,61,15.24955138888889,62,True,0.9974822948585824,0.027225818261888073,1.4526691020241131,0.22698419795320593,3.106341093025236,0.6703758469406803,1.9375664003682058
LB-MAL4,Group2,adaptive_r2,61,15.24955138888889,62,True,0.9974822948585824,0.027225818261888073,1.4526691020241131,0.22698419795320593,3.106341093025236,0.6703758469406803,1.9375664003682058
LB-MAL4,Group2,gp_derivative,50,12.499630555555555,51,True,0.9987692311128,0.018248777780998246,1.5361297434490537,0.21491860308843452,3.0005492154036273,0.8968580297244559,1.3647131169927844
LB-MAL4,Group2,changepoint,85,21.249388055555556,86,True,0.9586535419030218,0.10018946638665645,1.2819313047144867,0.27237290663257074,3.443168793612307,1.2841731637723774,7.994948492474774
LB-MAL4,Group2,consensus,61,15.24955138888889,62,True,0.9974822948585824,0.027225818261888073,1.4526691020241131,0.22698419795320593,3.106341093025236,0.6703758469406803,1.9375664003682058
LB-LCY1,Group2,first_peak,79,19.74942805555556,80,True,0.998640365771174,0.0221845687030556,1.60320113433093,0.18339131253169907,3.844155041311689,0.4594349570059473,1.2387666651865958
LB-LCY1,Group2,stationary_phase,95,23.74932111111111,96,True,0.9986005227135263,0.02303214704181616,1.6311365323897349,0.1789469019405513,3.7803580654921505,0.32696007789743436,1.1536638909657506
LB-LCY1,Group2,adaptive_r2,95,23.74932111111111,96,True,0.9986005227135263,0.02303214704181616,1.6311365323897349,0.1789469019405513,3.7803580654921505,0.32696007789743436,1.1536638909657506
LB-LCY1,Group2,gp_derivative,84,20.999398055555556,85,True,0.9986047508648696,0.022734986582140595,1.614926480718225,0.18163392477446663,3.8199766217202367,0.41221066909299575,1.2192155803482383
LB-LCY1,Group2,changepoint,70,17.499489444444443,71,True,0.9988933120744294,0.019300593909951598,1.56777188048428,0.18814669342899926,3.9037806039870193,0.5268978915310985,1.1849140671178484
LB-LCY1,Group2,consensus,84,20.999398055555556,85,True,0.9986047508648696,0.022734986582140595,1.614926480718225,0.18163392477446663,3.8199766217202367,0.41221066909299575,1.2192155803482383
H2O-MAL8,Group2,first_peak,226,56.49842916666667,227,True,0.9862826097405238,0.00433790770080232,0.11496460774481887,0.005685861986669436,2.289741833772369,0.4353828374100764,1.9710187316390169
H2O-MAL8,Group2,stationary_phase,166,41.49884,167,True,0.9889900899946658,0.003910875300477321,0.10928614002715663,0.0062736624956706,2.8503923910847275,0.5870725804347457,2.1075752651889927
H2O-MAL8,Group2,adaptive_r2,166,41.49884,167,True,0.9889900899946658,0.003910875300477321,0.10928614002715663,0.0062736624956706,2.8503923910847275,0.5870725804347457,2.1075752651889927
H2O-MAL8,Group2,gp_derivative,128,31.999099722222223,129,True,0.9892398350173085,0.0037727789966216156,0.10356276139628692,0.006807827823353337,3.223441671724058,0.8496173087328794,2.426102509519377
H2O-MAL8,Group2,changepoint,95,23.74932111111111,96,True,0.991981976534462,0.0029943107147290065,0.0924778319274451,0.007819379590412812,3.709645566393229,1.0718664555883033,2.5619098411631773
H2O-MAL8,Group2,consensus,166,41.49884,167,True,0.9889900899946658,0.003910875300477321,0.10928614002715663,0.0062736624956706,2.8503923910847275,0.5870725804347457,2.1075752651889927
H2O-MAL1,Group2,first_peak,398,99.49725944444444,399,True,0.3969228230988179,0.002381417162271289,0.010000000000000002,0.0010000000000000002,61.128161713826756,2.6219736854420335,16.463635348964896
H2O-MAL1,Group2,stationary_phase,399,99.74725277777776,400,True,0.4054403583837515,0.00237853755523687,0.010000000000000002,0.0010000000000000002,61.12814638262326,2.6032379079539885,16.432975625315326
H2O-MAL1,Group2,adaptive_r2,398,99.49725944444444,399,True,0.3969228230988179,0.002381417162271289,0.010000000000000002,0.0010000000000000002,61.128161713826756,2.6219736854420335,16.463635348964896
H2O-MAL1,Group2,gp_derivative,399,99.74725277777776,400,True,0.4054403583837515,0.00237853755523687,0.010000000000000002,0.0010000000000000002,61.12814638262326,2.6032379079539885,16.432975625315326
H2O-MAL1,Group2,changepoint,265,66.24816027777779,266,False,,,,,,,
H2O-MAL1,Group2,consensus,399,99.74725277777776,400,True,0.4054403583837515,0.00237853755523687,0.010000000000000002,0.0010000000000000002,61.12814638262326,2.6032379079539885,16.432975625315326
IMIDACLOPRID-IMID2,Group3,first_peak,88,21.999368333333333,89,True,0.9975319367124496,0.0025597512594304605,0.16504165001034662,0.011959113650825694,7.336000973972391,1.5410894087898694,1.379919621686297
IMIDACLOPRID-IMID2,Group3,stationary_phase,211,52.74852888888889,212,True,0.9958677655727322,0.005606256122334488,0.2465055362283921,0.009616481544491852,6.520259514934615,0.4483757311375683,1.182891995114887
IMIDACLOPRID-IMID2,Group3,adaptive_r2,211,52.74852888888889,212,True,0.9958677655727322,0.005606256122334488,0.2465055362283921,0.009616481544491852,6.520259514934615,0.4483757311375683,1.182891995114887
IMIDACLOPRID-IMID2,Group3,gp_derivative,56,13.999588888888889,57,True,0.9977404848317153,0.0012585217916678663,0.1008153988795582,0.012780841438871534,7.226549248874558,2.9824947749534423,1.5264059226650477
IMIDACLOPRID-IMID2,Group3,changepoint,175,43.74877444444444,176,True,0.9966135470717956,0.004817663597802079,0.23470339820941244,0.010127697180292739,6.835855073820944,0.5560790077192374,1.185602901638423
IMIDACLOPRID-IMID2,Group3,consensus,175,43.74877444444444,176,True,0.9966135470717956,0.004817663597802079,0.23470339820941244,0.010127697180292739,6.835855073820944,0.5560790077192374,1.185602901638423
IMIDACLOPRID-IMID8,Group3,first_peak,396,98.99727305555555,397,True,0.9840404416994443,0.0035269583356615304,0.11048208645549516,0.008580016698093475,2.7646207473913873,0.18687333174242376,1.8778532625669562
IMIDACLOPRID-IMID8,Group3,stationary_phase,141,35.24901083333333,142,True,0.9959238545333757,0.0023606455460765327,0.1048734632801809,0.009763422038913892,3.2655026731562753,0.31274770439423233,1.5646182792744707
IMIDACLOPRID-IMID8,Group3,adaptive_r2,141,35.24901083333333,142,True,0.9959238545333757,0.0023606455460765327,0.1048734632801809,0.009763422038913892,3.2655026731562753,0.31274770439423233,1.5646182792744707
IMIDACLOPRID-IMID8,Group3,gp_derivative,32,7.999749722222222,33,True,0.9938146626034603,0.0013147071502036445,0.0726111880885587,0.012205061747524431,3.7330552295879076,8.398564117165536,2.650443385291368
IMIDACLOPRID-IMID8,Group3,changepoint,95,23.749322222222226,96,True,0.9965779236910406,0.0021979929697418773,0.10126946011962673,0.01037768779019587,3.4544309455421134,0.5306274579373725,1.7439110270658338
IMIDACLOPRID-IMID8,Group3,consensus,141,35.24901083333333,142,True,0.9959238545333757,0.0023606455460765327,0.1048734632801809,0.009763422038913892,3.2655026731562753,0.31274770439423233,1.5646182792744707
LAMBDACYHALOTHRINANDLB-LCY01,Group3,first_peak,77,19.249443333333332,78,True,0.9998237675079426,0.008571118681290468,1.780618847230682,0.19131177232942023,3.902041546100811,0.1904933806843021,0.4356624001451659
LAMBDACYHALOTHRINANDLB-LCY01,Group3,stationary_phase,92,22.999340277777776,93,True,0.9998567748947418,0.007930835815903077,1.7776675106862008,0.19170740062372446,3.9076925874730293,0.11386977784883011,0.3691519908698029
LAMBDACYHALOTHRINANDLB-LCY01,Group3,adaptive_r2,92,22.999340277777776,93,True,0.9998567748947418,0.007930835815903077,1.7776675106862008,0.19170740062372446,3.9076925874730293,0.11386977784883011,0.3691519908698029
LAMBDACYHALOTHRINANDLB-LCY01,Group3,gp_derivative,80,19.999424166666664,81,True,0.9998323917941304,0.008432065919129816,1.7797696688227738,0.19141307955885095,3.903435589317282,0.16895199868321348,0.4197984770867194
LAMBDACYHALOTHRINANDLB-LCY01,Group3,changepoint,80,19.999424166666664,81,True,0.9998323917941304,0.008432065919129816,1.7797696688227738,0.19141307955885095,3.903435589317282,0.16895199868321348,0.4197984770867194
LAMBDACYHALOTHRINANDLB-LCY01,Group3,consensus,80,19.999424166666664,81,True,0.9998323917941304,0.008432065919129816,1.7797696688227738,0.19141307955885095,3.903435589317282,0.16895199868321348,0.4197984770867194
LAMBDACYHALOTHRINANDLB-LCY2,Group3,first_peak,79,19.74942861111111,80,True,0.9978552568210538,0.015054885367521928,1.045977413907054,0.07971742740644466,2.1803951805396755,0.7939114797795944,1.2175547179043624
LAMBDACYHALOTHRINANDLB-LCY2,Group3,stationary_phase,177,44.24876083333333,178,True,0.9862422608638023,0.042604529278637,1.1707152834377217,0.06504832417628513,1.1304193744931113,0.5236977722925131,2.107809424349855
LAMBDACYHALOTHRINANDLB-LCY2,Group3,adaptive_r2,176,43.99876999999999,177,True,0.9863984316774308,0.04235003670076007,1.1690887493673259,0.06524719192909897,1.1491588110766553,0.5238313220190446,2.1029320675368264
LAMBDACYHALOTHRINANDLB-LCY2,Group3,gp_derivative,91,22.7493475,92,True,0.9982684456201074,0.014117241126072674,1.0509727525646884,0.07939325728387485,2.1658230411097246,0.5116575077612878,1.053254219222966
LAMBDACYHALOTHRINANDLB-LCY2,Group3,changepoint,135,33.749048333333334,136,True,0.9971111011530217,0.01899710961296335,1.0873597205873116,0.07538258388061325,1.9348885561904317,0.3187012010393501,1.139583930156999
LAMBDACYHALOTHRINANDLB-LCY2,Group3,consensus,135,33.749048333333334,136,True,0.9971111011530217,0.01899710961296335,1.0873597205873116,0.07538258388061325,1.9348885561904317,0.3187012010393501,1.139583930156999
LB-IMID2,Group3,first_peak,57,14.249579444444445,58,True,0.9994750986668247,0.01222633683311421,1.6593222650339927,0.19660500390653401,1.237694536529269,0.35953721753710033,0.7339525338567482
LB-IMID2,Group3,stationary_phase,72,17.999475555555556,73,True,0.9993798488882646,0.01345936678854804,1.6347959965217367,0.20000534937565026,1.2793526685782979,0.22756029966591904,0.7351662421661997
LB-IMID2,Group3,adaptive_r2,72,17.999475555555556,73,True,0.9993798488882646,0.01345936678854804,1.6347959965217367,0.20000534937565026,1.2793526685782979,0.22756029966591904,0.7351662421661997
LB-IMID2,Group3,gp_derivative,60,14.999558888888888,61,True,0.9994456063931244,0.012655718280562011,1.6520154698926635,0.1974548525716237,1.2476791881443823,0.3244711974248226,0.7429899682815914
LB-IMID2,Group3,changepoint,60,14.999558888888888,61,True,0.9994456063931244,0.012655718280562011,1.6520154698926635,0.1974548525716237,1.2476791881443823,0.3244711974248226,0.7429899682815914
LB-IMID2,Group3,consensus,60,14.999558888888888,61,True,0.9994456063931244,0.012655718280562011,1.6520154698926635,0.1974548525716237,1.2476791881443823,0.3244711974248226,0.7429899682815914
LB-IMID3,Group3,first_peak,92,22.999340277777776,93,True,0.9990921698050418,0.011259984942026038,1.447662861413443,0.06650986542230868,1.7146540114511937,0.8159665582168104,0.5965262436555953
LB-IMID3,Group3,stationary_phase,281,70.24805277777777,282,True,0.9817995188754135,0.06119030568920204,1.5535090010758206,0.05380864757127473,2.8687967198095335e-12,0.4397739076970869,1.8476919188536758
LB-IMID3,Group3,adaptive_r2,281,70.24805277777777,282,True,0.9817995188754135,0.06119030568920204,1.5535090010758206,0.05380864757127473,2.8687967198095335e-12,0.4397739076970869,1.8476919188536758
LB-IMID3,Group3,gp_derivative,113,28.24920111111111,114,True,0.9989315419571917,0.01333899097864565,1.37699882708241,0.06776084048254331,1.7745157727401486,0.46752329352608407,0.6818508272829001
LB-IMID3,Group3,changepoint,190,47.49867388888889,191,True,0.9968088207249504,0.024626954320941603,1.3986422746907643,0.06535251001390453,1.5203022290409056,0.2765743807221596,0.9654253833713169
LB-IMID3,Group3,consensus,190,47.49867388888889,191,True,0.9968088207249504,0.024626954320941603,1.3986422746907643,0.06535251001390453,1.5203022290409056,0.2765743807221596,0.9654253833713169
LB-IMID5,Group3,first_peak,115,28.74918472222222,116,True,0.9980562872922913,0.018412050592048392,1.357999779911442,0.06767650359905679,2.6632575609633795,0.6558574864728083,0.9437014093862501
LB-IMID5,Group3,stationary_phase,289,72.2479975,290,True,0.9862132371028678,0.05196102792032309,1.4614268820009526,0.05876631476637248,1.62379167058433,0.34425021827272967,1.6742487852326693
LB-IMID5,Group3,adaptive_r2,289,72.2479975,290,True,0.9862132371028678,0.05196102792032309,1.4614268820009526,0.05876631476637248,1.62379167058433,0.34425021827272967,1.6742487852326693
LB-IMID5,Group3,gp_derivative,120,29.999152777777777,121,True,0.9981613740407352,0.018202118063332575,1.3641266535866217,0.06748924055862568,2.651810092472629,0.5799553886444505,0.9082894897208118
LB-IMID5,Group3,changepoint,240,59.99832944444445,241,True,0.9967273246507713,0.025224870042260643,1.401423503025592,0.06439937810081696,2.340217890924815,0.20337029938153608,0.9096754050465983
LB-IMID5,Group3,consensus,240,59.99832944444445,241,True,0.9967273246507713,0.025224870042260643,1.401423503025592,0.06439937810081696,2.340217890924815,0.20337029938153608,0.9096754050465983
LB-IMID8,Group3,first_peak,55,13.749595833333332,56,True,0.9990571922909139,0.008197800215306984,0.8412091818633272,0.09300149659617378,1.9399765777863884,0.6883855622719594,1.0047659614760476
LB-IMID8,Group3,stationary_phase,185,46.24870555555555,186,True,0.9695862235509086,0.06250294020965257,1.2197649588694983,0.053984265110459714,3.3386270804194998e-18,0.8625807194743476,2.8919273466890343
LB-IMID8,Group3,adaptive_r2,267,66.74815,268,True,0.974589284304415,0.05638793370330409,1.2706183833443685,0.051772270311664426,2.569844660478436e-15,0.4596625867503628,2.190904876271356
LB-IMID8,Group3,gp_derivative,139,34.74902055555555,140,True,0.9680435744592102,0.06069319661352791,1.1208589066591665,0.057959144226592256,1.2033765877479532e-12,1.2734226038219432,3.5045327479481823
LB-IMID8,Group3,changepoint,100,24.999289166666667,101,True,0.9897326942082757,0.03066362280502007,0.9152741413336877,0.08092644509102125,1.491999896504769,0.7647110044536799,2.5267399141302636
LB-IMID8,Group3,consensus,139,34.74902055555555,140,True,0.9680435744592102,0.06069319661352791,1.1208589066591665,0.057959144226592256,1.2033765877479532e-12,1.2734226038219432,3.5045327479481823
LB-LCY01,Group3,first_peak,77,19.249443333333332,78,True,0.9998237675079426,0.008571118681290468,1.780618847230682,0.19131177232942023,3.902041546100811,0.1904933806843021,0.4356624001451659
LB-LCY01,Group3,stationary_phase,92,22.999340277777776,93,True,0.9998567748947418,0.007930835815903077,1.7776675106862008,0.19170740062372446,3.9076925874730293,0.11386977784883011,0.3691519908698029
LB-LCY01,Group3,adaptive_r2,92,22.999340277777776,93,True,0.9998567748947418,0.007930835815903077,1.7776675106862008,0.19170740062372446,3.9076925874730293,0.11386977784883011,0.3691519908698029
LB-LCY01,Group3,gp_derivative,80,19.999424166666664,81,True,0.9998323917941304,0.008432065919129816,1.7797696688227738,0.19141307955885095,3.903435589317282,0.16895199868321348,0.4197984770867194
LB-LCY01,Group3,changepoint,80,19.999424166666664,81,True,0.9998323917941304,0.008432065919129816,1.7797696688227738,0.19141307955885095,3.903435589317282,0.16895199868321348,0.4197984770867194
LB-LCY01,Group3,consensus,80,19.999424166666664,81,True,0.9998323917941304,0.008432065919129816,1.7797696688227738,0.19141307955885095,3.903435589317282,0.16895199868321348,0.4197984770867194
LB-LCY2,Group3,first_peak,79,19.74942861111111,80,True,0.9978552568210538,0.015054885367521928,1.045977413907054,0.07971742740644466,2.1803951805396755,0.7939114797795944,1.2175547179043624
LB-LCY2,Group3,stationary_phase,177,44.24876083333333,178,True,0.9862422608638023,0.042604529278637,1.1707152834377217,0.06504832417628513,1.1304193744931113,0.5236977722925131,2.107809424349855
LB-LCY2,Group3,adaptive_r2,176,43.99876999999999,177,True,0.9863984316774308,0.04235003670076007,1.1690887493673259,0.06524719192909897,1.1491588110766553,0.5238313220190446,2.1029320675368264
LB-LCY2,Group3,gp_derivative,91,22.7493475,92,True,0.9982684456201074,0.014117241126072674,1.0509727525646884,0.07939325728387485,2.1658230411097246,0.5116575077612878,1.053254219222966
LB-LCY2,Group3,changepoint,135,33.749048333333334,136,True,0.9971111011530217,0.01899710961296335,1.0873597205873116,0.07538258388061325,1.9348885561904317,0.3187012010393501,1.139583930156999
LB-LCY2,Group3,consensus,135,33.749048333333334,136,True,0.9971111011530217,0.01899710961296335,1.0873597205873116,0.07538258388061325,1.9348885561904317,0.3187012010393501,1.139583930156999
IMIDACLOPRIDANDLB-IMID2,Group3,first_peak,69,17.24949777777778,70,True,0.9998471090915187,0.006161863190711178,1.636414266017544,0.15137534891590254,0.6514786804869233,0.1660947834965518,0.34091716379044024
IMIDACLOPRIDANDLB-IMID2,Group3,stationary_phase,95,23.749322222222226,96,True,0.9998789513304167,0.005557142008873889,1.6333556557650413,0.1516346605946067,0.6563898126186611,0.07588918694481082,0.26541935951756757
IMIDACLOPRIDANDLB-IMID2,Group3,adaptive_r2,95,23.749322222222226,96,True,0.9998789513304167,0.005557142008873889,1.6333556557650413,0.1516346605946067,0.6563898126186611,0.07588918694481082,0.26541935951756757
IMIDACLOPRIDANDLB-IMID2,Group3,gp_derivative,80,19.999424166666664,81,True,0.9998604554460309,0.005977684456826172,1.6319847097630007,0.15180898501694007,0.6601825836756796,0.11391485749450861,0.3074767820579475
IMIDACLOPRIDANDLB-IMID2,Group3,changepoint,75,18.749458611111113,76,True,0.9998526518010483,0.006115020637952565,1.633200232089938,0.15167720310046845,0.657457278120424,0.13461168061087192,0.3244420136609041
IMIDACLOPRIDANDLB-IMID2,Group3,consensus,80,19.999424166666664,81,True,0.9998604554460309,0.005977684456826172,1.6319847097630007,0.15180898501694007,0.6601825836756796,0.11391485749450861,0.3074767820579475
IMIDACLOPRIDANDLB-IMID3,Group3,first_peak,123,30.749132222222222,124,True,0.998844075707153,0.01694983985258909,1.628139563752215,0.07592499811985409,2.909782036736956,0.4886609439245432,0.7003410239049238
IMIDACLOPRIDANDLB-IMID3,Group3,stationary_phase,297,74.24794388888888,298,True,0.9955670339706747,0.03668928271093476,1.8046829441167824,0.06605434906794574,1.8832425660137213,0.20542405295108815,0.9264873178678437
IMIDACLOPRIDANDLB-IMID3,Group3,adaptive_r2,297,74.24794388888888,298,True,0.9955670339706747,0.03668928271093476,1.8046829441167824,0.06605434906794574,1.8832425660137213,0.20542405295108815,0.9264873178678437
IMIDACLOPRIDANDLB-IMID3,Group3,gp_derivative,159,39.74888583333333,160,True,0.9988444182164363,0.01834620757806164,1.6818383741385095,0.07393566878838631,2.765165765532366,0.2871639599969824,0.64156008886502
IMIDACLOPRIDANDLB-IMID3,Group3,changepoint,130,32.49908222222222,131,True,0.9988941869523726,0.016941433986260915,1.63921251602709,0.07558866797279658,2.8886713153989794,0.4235150836366555,0.6754035731398491
IMIDACLOPRIDANDLB-IMID3,Group3,consensus,159,39.74888583333333,160,True,0.9988444182164363,0.01834620757806164,1.6818383741385095,0.07393566878838631,2.765165765532366,0.2871639599969824,0.64156008886502
IMIDACLOPRIDANDLB-IMID5,Group3,first_peak,134,33.49905416666667,135,True,0.9965038608641472,0.027128015674396856,1.5257218427843042,0.06717865250949415,1.346085863635374,0.6599495234941983,1.1518841371394635
IMIDACLOPRIDANDLB-IMID5,Group3,stationary_phase,224,55.99843944444445,225,True,0.9969305087372222,0.027518761532496102,1.6335185890100015,0.0625528246125476,0.8631705713082624,0.24798236866550297,0.855580245790025
IMIDACLOPRIDANDLB-IMID5,Group3,adaptive_r2,224,55.99843944444445,225,True,0.9969305087372222,0.027518761532496102,1.6335185890100015,0.0625528246125476,0.8631705713082624,0.24798236866550297,0.855580245790025
IMIDACLOPRIDANDLB-IMID5,Group3,gp_derivative,137,34.24903694444444,138,True,0.9962487231080465,0.028362008921365593,1.5398928293158323,0.06666760676398437,1.3023527087541877,0.6657278624888177,1.1805151803532141
IMIDACLOPRIDANDLB-IMID5,Group3,changepoint,125,31.24911861111111,126,True,0.99763823846852,0.021613797630568882,1.478339890829736,0.0688820414873574,1.4817186213639062,0.5864530070114642,0.9794376345723697
IMIDACLOPRIDANDLB-IMID5,Group3,consensus,137,34.24903694444444,138,True,0.9962487231080465,0.028362008921365593,1.5398928293158323,0.06666760676398437,1.3023527087541877,0.6657278624888177,1.1805151803532141
IMIDACLOPRIDANDLB-IMID8,Group3,first_peak,56,13.999588888888889,57,True,0.9979164215136588,0.01674541115034551,1.1433368556692685,0.1277439708190634,2.193297855981204,1.011336049680467,1.5077379301850258
IMIDACLOPRIDANDLB-IMID8,Group3,stationary_phase,191,47.74866611111111,192,True,0.9645563848542548,0.09460378860704236,1.7120820176284477,0.06935480317502972,1.0225535052382157e-15,0.9902583334904196,3.055727068511544
IMIDACLOPRIDANDLB-IMID8,Group3,adaptive_r2,240,59.99832944444445,241,True,0.9698285772603217,0.08773125990219986,1.7603010252984599,0.06757655196000296,4.862187720189271e-14,0.6379664056844261,2.5055773739925606
IMIDACLOPRIDANDLB-IMID8,Group3,gp_derivative,151,37.74893805555555,152,True,0.9566382314481179,0.10043151074708082,1.6183734014274282,0.0724947696213659,7.523553218920425e-15,1.5489419308215397,3.851981170941518
IMIDACLOPRIDANDLB-IMID8,Group3,changepoint,135,33.749048333333334,136,True,0.9547313231562675,0.09870270516960496,1.5313037662239333,0.0754769664498551,7.288609430919275e-12,1.7510103212358574,4.234534510469173
IMIDACLOPRIDANDLB-IMID8,Group3,consensus,151,37.74893805555555,152,True,0.9566382314481179,0.10043151074708082,1.6183734014274282,0.0724947696213659,7.523553218920425e-15,1.5489419308215397,3.851981170941518
H2O-IMID2,Group3,first_peak,60,14.999558888888888,61,True,0.9846973579681222,0.004294539325000053,0.15813213071089918,0.009224344634520931,4.502582082018798e-17,4.764794831103532,2.65636104813548
H2O-IMID2,Group3,stationary_phase,248,61.99827527777778,249,True,0.9829285597733001,0.007202720625701923,0.1999249206037972,0.007844053705292774,5.362300445255818e-16,0.42840863103303295,1.7993425089932087
H2O-IMID2,Group3,adaptive_r2,248,61.99827527777778,249,True,0.9829285597733001,0.007202720625701923,0.1999249206037972,0.007844053705292774,5.362300445255818e-16,0.42840863103303295,1.7993425089932087
H2O-IMID2,Group3,gp_derivative,31,7.749759166666667,32,True,0.916180128337111,0.005120968451505763,0.22249999999293765,0.009557206694026564,0.3586680604463451,84.69393463937601,34.79744276749207
H2O-IMID2,Group3,changepoint,185,46.24870555555555,186,True,0.9887004291898079,0.005686873477361711,0.18872703644934194,0.008288215985967271,2.8586936616953426e-15,0.5125284066258828,1.6994127953055962
H2O-IMID2,Group3,consensus,185,46.24870555555555,186,True,0.9887004291898079,0.005686873477361711,0.18872703644934194,0.008288215985967271,2.8586936616953426e-15,0.5125284066258828,1.6994127953055962
H2O-IMID8,Group3,first_peak,45,11.249660277777778,46,True,0.998868685966378,0.0013127613234835704,0.11181650773205934,0.01848999712155178,1.6899528061846012,0.6356469053719837,1.3600850708321663
H2O-IMID8,Group3,stationary_phase,101,25.249283055555555,102,True,0.9920311611542025,0.003670115935918825,0.12643487685912108,0.015101462980480488,1.2429362649173823,0.47964873905463795,2.3247928231203896
H2O-IMID8,Group3,adaptive_r2,101,25.249283055555555,102,True,0.9920311611542025,0.003670115935918825,0.12643487685912108,0.015101462980480488,1.2429362649173823,0.47964873905463795,2.3247928231203896
H2O-IMID8,Group3,gp_derivative,27,6.749783055555556,28,True,0.9994323433624431,0.0006933432896487184,0.10143622296019966,0.019526036236184686,1.7543094638905932,1.4646926020650657,1.0509342502256032
H2O-IMID8,Group3,changepoint,85,21.249388055555556,86,True,0.9947102128759803,0.003022143638364782,0.12326029600887264,0.015954104387861618,1.3856826471978516,0.48596173130474407,2.092266223594336
H2O-IMID8,Group3,consensus,85,21.249388055555556,86,True,0.9947102128759803,0.003022143638364782,0.12326029600887264,0.015954104387861618,1.3856826471978516,0.48596173130474407,2.092266223594336
PERMETHRIN-PERM4,Group4,first_peak,167,41.748846666666665,168,True,0.9957733449860959,0.0027403341111987235,0.11592812759417294,0.005992735543156389,14.795800235883425,0.962332680210785,1.5876207016448847
PERMETHRIN-PERM4,Group4,stationary_phase,339,84.74769055555555,340,True,0.991704716800081,0.00528453336353241,0.15482115261591578,0.0044630778229487215,12.830901413265048,0.4434019098915192,1.441824321453637
PERMETHRIN-PERM4,Group4,adaptive_r2,339,84.74769055555555,340,True,0.991704716800081,0.00528453336353241,0.15482115261591578,0.0044630778229487215,12.830901413265048,0.4434019098915192,1.441824321453637
PERMETHRIN-PERM4,Group4,gp_derivative,205,51.24859055555556,206,True,0.9931337938748978,0.004066995690136601,0.13250638397061368,0.005380659765866725,14.278265780390203,0.9243662773027312,1.7637311145297776
PERMETHRIN-PERM4,Group4,changepoint,265,66.24818666666667,266,True,0.9939368654329586,0.004250298740114759,0.14324743197431822,0.004973969368194693,13.768933477328206,0.5397080438209834,1.4461698292440062
PERMETHRIN-PERM4,Group4,consensus,265,66.24818666666667,266,True,0.9939368654329586,0.004250298740114759,0.14324743197431822,0.004973969368194693,13.768933477328206,0.5397080438209834,1.4461698292440062
PERMETHRIN-PERM7,Group4,first_peak,106,26.49926027777778,107,True,0.9979663950698576,0.0017522723005415266,0.16217785648464267,0.01085869599745105,14.704767810304439,2.4217012147407213,0.949014708359788
PERMETHRIN-PERM7,Group4,stationary_phase,162,40.49888083333333,163,True,0.9986702414281093,0.002690649551225793,0.20829626174551397,0.010830729765541277,14.937960704429813,0.5942307805470315,0.888930415983132
PERMETHRIN-PERM7,Group4,adaptive_r2,162,40.49888083333333,163,True,0.9986702414281093,0.002690649551225793,0.20829626174551397,0.010830729765541277,14.937960704429813,0.5942307805470315,0.888930415983132
PERMETHRIN-PERM7,Group4,gp_derivative,88,21.999378888888888,89,True,0.9969816421700386,0.0012641276693578663,0.10299182481736358,0.010271664953885623,14.225385674493662,3.5011537966835267,1.3208980886353443
PERMETHRIN-PERM7,Group4,changepoint,135,33.7490625,136,True,0.9985720393711074,0.002298050921048006,0.2048537312031744,0.010828101604248698,14.915257352648407,1.1451206339634605,0.8606944522436207
PERMETHRIN-PERM7,Group4,consensus,135,33.7490625,136,True,0.9985720393711074,0.002298050921048006,0.2048537312031744,0.010828101604248698,14.915257352648407,1.1451206339634605,0.8606944522436207
LAMBDACYHALOTHRIN-LCY3,Group4,first_peak,381,95.2474111111111,382,True,0.9537016339264459,0.0037405719155570614,0.05276288821726541,0.0010000000000000002,22.328019487360045,1.7875048893328378,2.882936428249279
LAMBDACYHALOTHRIN-LCY3,Group4,stationary_phase,368,91.99749583333332,369,True,0.9555894787714947,0.003501559341499653,0.049802395012298176,0.0010000000000000002,21.674949991560396,1.7292446725343322,2.9146168508550936
LAMBDACYHALOTHRIN-LCY3,Group4,adaptive_r2,368,91.99749583333332,369,True,0.9555894787714947,0.003501559341499653,0.049802395012298176,0.0010000000000000002,21.674949991560396,1.7292446725343322,2.9146168508550936
LAMBDACYHALOTHRIN-LCY3,Group4,gp_derivative,381,95.2474111111111,382,True,0.9537016339264459,0.0037405719155570614,0.05276288821726541,0.0010000000000000002,22.328019487360045,1.7875048893328378,2.882936428249279
LAMBDACYHALOTHRIN-LCY3,Group4,changepoint,340,84.99768361111111,341,True,0.9584439941145118,0.0030833283623286235,0.04460165848862786,0.0010000000000000002,20.526555523277132,1.6958174589604587,2.996747517907291
LAMBDACYHALOTHRIN-LCY3,Group4,consensus,368,91.99749583333332,369,True,0.9555894787714947,0.003501559341499653,0.049802395012298176,0.0010000000000000002,21.674949991560396,1.7292446725343322,2.9146168508550936
LAMBDACYHALOTHRINANDLB-LCY3,Group4,first_peak,101,25.249293333333338,102,True,0.9972730678241828,0.020271375812570994,1.101842267539261,0.08852236284412437,3.8413932232473065,0.5749845242563766,1.4087794378101628
LAMBDACYHALOTHRINANDLB-LCY3,Group4,stationary_phase,245,61.24832083333333,246,True,0.9750994687958396,0.0679608417092246,1.3741738590206944,0.05914668810434104,1.5889701122187276,0.5656663362730145,2.4650158372611712
LAMBDACYHALOTHRINANDLB-LCY3,Group4,adaptive_r2,245,61.24832083333333,246,True,0.9750994687958396,0.0679608417092246,1.3741738590206944,0.05914668810434104,1.5889701122187276,0.5656663362730145,2.4650158372611712
LAMBDACYHALOTHRINANDLB-LCY3,Group4,gp_derivative,132,32.99908222222222,133,True,0.9942704877788183,0.031301648730904894,1.1906229683106393,0.07932530215756023,3.387504804317735,0.569695271536147,1.7325531626160275
LAMBDACYHALOTHRINANDLB-LCY3,Group4,changepoint,215,53.748525,216,True,0.9874741511633529,0.04728245665418012,1.3083944586306961,0.06635927421926323,2.4059521484623394,0.43899514588522304,1.9218520637530636
LAMBDACYHALOTHRINANDLB-LCY3,Group4,consensus,215,53.748525,216,True,0.9874741511633529,0.04728245665418012,1.3083944586306961,0.06635927421926323,2.4059521484623394,0.43899514588522304,1.9218520637530636
PERMETHRINANDLB-PERM4,Group4,first_peak,69,17.249505555555555,70,True,0.9889294920001725,0.05947977105311823,1.5866734002310172,0.196397273990827,2.0010661604179796,1.2073652066320326,3.4525199788744465
PERMETHRINANDLB-PERM4,Group4,stationary_phase,93,23.2493475,94,True,0.9905890355119458,0.055336383736168365,1.6435574212157038,0.1855256388650814,1.8606851360951913,0.6806221603356933,2.718285026524896
PERMETHRINANDLB-PERM4,Group4,adaptive_r2,93,23.2493475,94,True,0.9905890355119458,0.055336383736168365,1.6435574212157038,0.1855256388650814,1.8606851360951913,0.6806221603356933,2.718285026524896
PERMETHRINANDLB-PERM4,Group4,gp_derivative,85,21.249401388888888,86,True,0.9903212690131022,0.05625650412347048,1.6280199858343927,0.18870532998839712,1.9051356897558183,0.7935899008313174,2.890922731001117
PERMETHRINANDLB-PERM4,Group4,changepoint,90,22.49936472222222,91,True,0.990526155459656,0.05559016450474536,1.6377691924426383,0.18672758112699256,1.8778243854184065,0.7176774295379087,2.7753419601208456
PERMETHRINANDLB-PERM4,Group4,consensus,90,22.49936472222222,91,True,0.990526155459656,0.05559016450474536,1.6377691924426383,0.18672758112699256,1.8778243854184065,0.7176774295379087,2.7753419601208456
PERMETHRINANDLB-CYPERM2,Group4,first_peak,258,64.49823611111111,259,True,0.9960411462421752,0.006496854363171059,0.7069492094119211,0.01902112705485824,44.87540562581099,4.217967633428643,1.2072092003962922
PERMETHRINANDLB-CYPERM2,Group4,stationary_phase,351,87.74761055555555,352,True,0.9988753926127242,0.008164728117462454,0.8041592062717168,0.02056431713516851,45.791213544881934,0.58452057987759,0.5291282122976778
PERMETHRINANDLB-CYPERM2,Group4,adaptive_r2,351,87.74761055555555,352,True,0.9988753926127242,0.008164728117462454,0.8041592062717168,0.02056431713516851,45.791213544881934,0.58452057987759,0.5291282122976778
PERMETHRINANDLB-CYPERM2,Group4,gp_derivative,294,73.49799222222222,295,True,0.9982294295719859,0.006982233697586974,0.9566734172494276,0.020847295396720956,46.3126120157601,2.182023015200521,0.5569618104716368
PERMETHRINANDLB-CYPERM2,Group4,changepoint,275,68.74811972222223,276,True,0.9975326106866893,0.006533125152811279,0.7882424376282117,0.019683447861627824,45.363642812585006,2.7597786071850834,0.7108091467986714
PERMETHRINANDLB-CYPERM2,Group4,consensus,294,73.49799222222222,295,True,0.9982294295719859,0.006982233697586974,0.9566734172494276,0.020847295396720956,46.3126120157601,2.182023015200521,0.5569618104716368
PERMETHRINANDLB-PERM7,Group4,first_peak,66,16.499523611111112,67,True,0.9909126406633039,0.04946393881802631,1.6248400838682286,0.18459181345652034,0.6294152626301904,1.040801684077786,2.8160717322918303
PERMETHRINANDLB-PERM7,Group4,stationary_phase,88,21.999378888888888,89,True,0.992363526727299,0.04548021863574756,1.66652980823109,0.1775425172555896,0.5234042347506345,0.5864040123529981,2.2372370950234535
PERMETHRINANDLB-PERM7,Group4,adaptive_r2,88,21.999378888888888,89,True,0.992363526727299,0.04548021863574756,1.66652980823109,0.1775425172555896,0.5234042347506345,0.5864040123529981,2.2372370950234535
PERMETHRINANDLB-PERM7,Group4,gp_derivative,71,17.74949611111111,72,True,0.9913616245344662,0.04851102906150217,1.6386850749123252,0.18243783436981065,0.5992365780994738,0.8939361088981886,2.647347200478387
PERMETHRINANDLB-PERM7,Group4,changepoint,90,22.49936472222222,91,True,0.9924096289947407,0.045274634514198143,1.6694247594301668,0.1769854867528877,0.5141257808179165,0.5646116103607278,2.205487238567953
PERMETHRINANDLB-PERM7,Group4,consensus,88,21.999378888888888,89,True,0.992363526727299,0.04548021863574756,1.66652980823109,0.1775425172555896,0.5234042347506345,0.5864040123529981,2.2372370950234535
PERMETHRINANDLB-CISPERM1,Group4,first_peak,323,80.7477988888889,324,True,0.8785212599336476,0.015527110406969306,0.5841999999999856,0.009448175397856164,61.29625521790839,35.77341074523156,17.021320050854026
PERMETHRINANDLB-CISPERM1,Group4,stationary_phase,381,95.2474111111111,382,True,0.9775413122857525,0.014368141685914371,0.8241251042699123,0.011415218839913213,64.28930868288086,10.158994240766459,3.7573626051413505
PERMETHRINANDLB-CISPERM1,Group4,adaptive_r2,380,94.99742027777778,381,True,0.9770769605308113,0.014380759179566178,0.8395899699058841,0.011496736342369477,64.45183401012953,10.590206719333434,4.020168474569416
PERMETHRINANDLB-CISPERM1,Group4,gp_derivative,343,85.74766361111111,344,True,0.9412908683807648,0.015062384418894719,0.7549999999997612,0.011407998082103694,63.906014604967574,23.249142690364142,10.735362430997762
PERMETHRINANDLB-CISPERM1,Group4,changepoint,310,77.49788666666666,311,True,0.7926678977383619,0.01568332235645164,0.46889999999999993,0.007529576175360772,58.6303599664851,48.85534365606192,23.762775116895277
PERMETHRINANDLB-CISPERM1,Group4,consensus,343,85.74766361111111,344,True,0.9412908683807648,0.015062384418894719,0.7549999999997612,0.011407998082103694,63.906014604967574,23.249142690364142,10.735362430997762
LB-PERM4,Group4,first_peak,69,17.249505555555555,70,True,0.9889294920001725,0.05947977105311823,1.5866734002310172,0.196397273990827,2.0010661604179796,1.2073652066320326,3.4525199788744465
LB-PERM4,Group4,stationary_phase,93,23.2493475,94,True,0.9905890355119458,0.055336383736168365,1.6435574212157038,0.1855256388650814,1.8606851360951913,0.6806221603356933,2.718285026524896
LB-PERM4,Group4,adaptive_r2,93,23.2493475,94,True,0.9905890355119458,0.055336383736168365,1.6435574212157038,0.1855256388650814,1.8606851360951913,0.6806221603356933,2.718285026524896
LB-PERM4,Group4,gp_derivative,85,21.249401388888888,86,True,0.9903212690131022,0.05625650412347048,1.6280199858343927,0.18870532998839712,1.9051356897558183,0.7935899008313174,2.890922731001117
LB-PERM4,Group4,changepoint,90,22.49936472222222,91,True,0.990526155459656,0.05559016450474536,1.6377691924426383,0.18672758112699256,1.8778243854184065,0.7176774295379087,2.7753419601208456
LB-PERM4,Group4,consensus,90,22.49936472222222,91,True,0.990526155459656,0.05559016450474536,1.6377691924426383,0.18672758112699256,1.8778243854184065,0.7176774295379087,2.7753419601208456
LB-CYPERM2,Group4,first_peak,258,64.49823611111111,259,True,0.9960411462421752,0.006496854363171059,0.7069492094119211,0.01902112705485824,44.87540562581099,4.217967633428643,1.2072092003962922
LB-CYPERM2,Group4,stationary_phase,351,87.74761055555555,352,True,0.9988753926127242,0.008164728117462454,0.8041592062717168,0.02056431713516851,45.791213544881934,0.58452057987759,0.5291282122976778
LB-CYPERM2,Group4,adaptive_r2,351,87.74761055555555,352,True,0.9988753926127242,0.008164728117462454,0.8041592062717168,0.02056431713516851,45.791213544881934,0.58452057987759,0.5291282122976778
LB-CYPERM2,Group4,gp_derivative,294,73.49799222222222,295,True,0.9982294295719859,0.006982233697586974,0.9566734172494276,0.020847295396720956,46.3126120157601,2.182023015200521,0.5569618104716368
LB-CYPERM2,Group4,changepoint,275,68.74811972222223,276,True,0.9975326106866893,0.006533125152811279,0.7882424376282117,0.019683447861627824,45.363642812585006,2.7597786071850834,0.7108091467986714
LB-CYPERM2,Group4,consensus,294,73.49799222222222,295,True,0.9982294295719859,0.006982233697586974,0.9566734172494276,0.020847295396720956,46.3126120157601,2.182023015200521,0.5569618104716368
LB-PERM7,Group4,first_peak,66,16.499523611111112,67,True,0.9909126406633039,0.04946393881802631,1.6248400838682286,0.18459181345652034,0.6294152626301904,1.040801684077786,2.8160717322918303
LB-PERM7,Group4,stationary_phase,88,21.999378888888888,89,True,0.992363526727299,0.04548021863574756,1.66652980823109,0.1775425172555896,0.5234042347506345,0.5864040123529981,2.2372370950234535
LB-PERM7,Group4,adaptive_r2,88,21.999378888888888,89,True,0.992363526727299,0.04548021863574756,1.66652980823109,0.1775425172555896,0.5234042347506345,0.5864040123529981,2.2372370950234535
LB-PERM7,Group4,gp_derivative,71,17.74949611111111,72,True,0.9913616245344662,0.04851102906150217,1.6386850749123252,0.18243783436981065,0.5992365780994738,0.8939361088981886,2.647347200478387
LB-PERM7,Group4,changepoint,90,22.49936472222222,91,True,0.9924096289947407,0.045274634514198143,1.6694247594301668,0.1769854867528877,0.5141257808179165,0.5646116103607278,2.205487238567953
LB-PERM7,Group4,consensus,88,21.999378888888888,89,True,0.992363526727299,0.04548021863574756,1.66652980823109,0.1775425172555896,0.5234042347506345,0.5864040123529981,2.2372370950234535
LB-LCY3,Group4,first_peak,101,25.249293333333338,102,True,0.9972730678241828,0.020271375812570994,1.101842267539261,0.08852236284412437,3.8413932232473065,0.5749845242563766,1.4087794378101628
LB-LCY3,Group4,stationary_phase,245,61.24832083333333,246,True,0.9750994687958396,0.0679608417092246,1.3741738590206944,0.05914668810434104,1.5889701122187276,0.5656663362730145,2.4650158372611712
LB-LCY3,Group4,adaptive_r2,245,61.24832083333333,246,True,0.9750994687958396,0.0679608417092246,1.3741738590206944,0.05914668810434104,1.5889701122187276,0.5656663362730145,2.4650158372611712
LB-LCY3,Group4,gp_derivative,132,32.99908222222222,133,True,0.9942704877788183,0.031301648730904894,1.1906229683106393,0.07932530215756023,3.387504804317735,0.569695271536147,1.7325531626160275
LB-LCY3,Group4,changepoint,215,53.748525,216,True,0.9874741511633529,0.04728245665418012,1.3083944586306961,0.06635927421926323,2.4059521484623394,0.43899514588522304,1.9218520637530636
LB-LCY3,Group4,consensus,215,53.748525,216,True,0.9874741511633529,0.04728245665418012,1.3083944586306961,0.06635927421926323,2.4059521484623394,0.43899514588522304,1.9218520637530636
H2O-PERM4,Group4,first_peak,40,9.999699166666668,41,True,0.8827109919047211,0.0030586040753915332,0.12749999999999967,0.004156568393080818,9.66860180430756e-14,76.55336331759199,30.29825845373869
H2O-PERM4,Group4,stationary_phase,126,31.49912305555555,127,True,0.972472469018276,0.002947318643341891,0.0660192010382696,0.004236602135202619,1.3247994070393327e-13,0.9269749715117557,3.054166709681379
H2O-PERM4,Group4,adaptive_r2,164,40.998867222222216,165,True,0.977404985885247,0.0026513555467803846,0.0669277540786286,0.00418623097172906,3.249306228629634e-15,0.5515950208303618,2.463438267830172
H2O-PERM4,Group4,gp_derivative,111,27.749223055555554,112,True,0.9688965370815832,0.0030813438027528393,0.06518300129910157,0.004276564491747906,5.222853959859279e-18,1.2189758946975542,3.428279729921567
H2O-PERM4,Group4,changepoint,105,26.249264166666663,106,True,0.9669733989898194,0.0031362919252665737,0.06466552937358602,0.00429978063433697,2.81310958599441e-17,1.3766476018908629,3.61557655098598
H2O-PERM4,Group4,consensus,111,27.749223055555554,112,True,0.9688965370815832,0.0030813438027528393,0.06518300129910157,0.004276564491747906,5.222853959859279e-18,1.2189758946975542,3.428279729921567
